<?xml version="1.0" encoding="utf-8"?>
<scene PGFVersion="0.25" GSCVersion="1.25.6227" id="id310962">
  <layers>
    <layer id="id671356">
      <actors>
        <actor id="id762762" prototype="id201447">
          <attributes>
            <point id="position">
              <real id="x">333</real>
              <real id="y">182</real>
            </point>
            <size id="size">
              <real id="width">667</real>
              <real id="height">375</real>
            </size>
            <angle id="rotation">0</angle>
            <image id="image">Start-Screen-01</image>
            <text id="name">Background_start</text>
          </attributes>
          <behaviors>
            <behavior id="id790543" class="AnimateBehavior" enabled="true">
              <attributes>
                <text id="name">Animate</text>
                <text id="bundleName">Animate.behavior</text>
                <text id="images">Start-Screen-01	Start-Screen-02	Start-Screen-03	Start-Screen-04	Start-Screen-05	Start-Screen-06	Start-Screen-07	Start-Screen-08	Start-Screen-09	Start-Screen-10	Start-Screen-11	Start-Screen-12</text>
                <index id="speed">10</index>
                <boolean id="loop">false</boolean>
                <boolean id="restoreActorImage">false</boolean>
                <text id="currentFrameAttribute" />
              </attributes>
            </behavior>
          </behaviors>
          <aspects />
        </actor>
        <actor id="id625670" prototype="id821356">
          <attributes>
            <point id="position">
              <real id="x">335</real>
              <real id="y">159</real>
            </point>
            <size id="size">
              <real id="width">168</real>
              <real id="height">41</real>
            </size>
            <angle id="rotation">0</angle>
          </attributes>
          <aspects>
            <graphics>
              <attributes>
                <boolean id="visible">false</boolean>
              </attributes>
            </graphics>
            <physics>
              <attributes>
                <boolean id="canSleep">true</boolean>
                <boolean id="betterColisions">false</boolean>
              </attributes>
            </physics>
          </aspects>
        </actor>
      </actors>
      <attributes>
        <text id="name">Background</text>
        <boolean id="scrollable">true</boolean>
      </attributes>
    </layer>
  </layers>
  <attributes>
    <text id="name">Start Screen</text>
    <real id="time">0</real>
    <size id="size">
      <real id="width">667</real>
      <real id="height">375</real>
    </size>
    <boolean id="wrapX">false</boolean>
    <boolean id="wrapY">false</boolean>
    <point id="gravity">
      <real id="x">0</real>
      <real id="y">0</real>
    </point>
    <color id="color">
      <real id="red">0</real>
      <real id="green">0</real>
      <real id="blue">0</real>
      <real id="alpha">1</real>
    </color>
    <rect id="camera">
      <point id="origin">
        <real id="x">0</real>
        <real id="y">0</real>
      </point>
      <size id="size">
        <real id="width">667</real>
        <real id="height">375</real>
      </size>
      <size id="trackingArea">
        <real id="width">587</real>
        <real id="height">315</real>
      </size>
      <real id="rotation">0</real>
    </rect>
    <attributes id="autorotate">
      <boolean id="landscapeLeft">true</boolean>
      <boolean id="portrait">false</boolean>
      <boolean id="landscapeRight">false</boolean>
      <boolean id="portraitUpsideDown">false</boolean>
    </attributes>
  </attributes>
</scene>