<?xml version="1.0" encoding="utf-8"?>
<scene PGFVersion="0.25" GSCVersion="1.25.6227" id="id304657">
  <layers>
    <layer id="id399997">
      <actors>
        <actor id="id500989" prototype="id172943">
          <attributes>
            <point id="position">
              <real id="x">331</real>
              <real id="y">185</real>
            </point>
            <size id="size">
              <real id="width">667</real>
              <real id="height">375</real>
            </size>
            <angle id="rotation">0</angle>
          </attributes>
          <aspects />
        </actor>
      </actors>
      <attributes>
        <text id="name">Layer 1</text>
        <boolean id="scrollable">false</boolean>
      </attributes>
    </layer>
    <layer id="id325719">
      <actors>
        <actor id="id363642" prototype="id775256">
          <attributes>
            <point id="position">
              <real id="x">409</real>
              <real id="y">191</real>
            </point>
            <size id="size">
              <real id="width">135.435658914728</real>
              <real id="height">128.464705882353</real>
            </size>
            <angle id="rotation">0</angle>
            <image id="image">Space_Age_-_replay</image>
          </attributes>
          <aspects />
        </actor>
        <actor id="id969791" prototype="id821356">
          <attributes>
            <point id="position">
              <real id="x">539</real>
              <real id="y">191</real>
            </point>
            <size id="size">
              <real id="width">129.602584814216</real>
              <real id="height">129.393548387097</real>
            </size>
            <angle id="rotation">0</angle>
            <image id="image">Space_Age_-_exit</image>
          </attributes>
          <aspects />
        </actor>
      </actors>
      <attributes>
        <text id="name">Background</text>
        <boolean id="scrollable">true</boolean>
      </attributes>
    </layer>
  </layers>
  <attributes>
    <text id="name">Death Screen</text>
    <real id="time">0</real>
    <size id="size">
      <real id="width">667</real>
      <real id="height">375</real>
    </size>
    <boolean id="wrapX">false</boolean>
    <boolean id="wrapY">false</boolean>
    <point id="gravity">
      <real id="x">0</real>
      <real id="y">0</real>
    </point>
    <color id="color">
      <real id="red">0</real>
      <real id="green">0</real>
      <real id="blue">0</real>
      <real id="alpha">1</real>
    </color>
    <rect id="camera">
      <point id="origin">
        <real id="x">0</real>
        <real id="y">0</real>
      </point>
      <size id="size">
        <real id="width">667</real>
        <real id="height">375</real>
      </size>
      <size id="trackingArea">
        <real id="width">587</real>
        <real id="height">315</real>
      </size>
      <real id="rotation">0</real>
    </rect>
    <attributes id="autorotate">
      <boolean id="landscapeLeft">true</boolean>
      <boolean id="portrait">false</boolean>
      <boolean id="landscapeRight">false</boolean>
      <boolean id="portraitUpsideDown">false</boolean>
    </attributes>
  </attributes>
</scene>