<?xml version="1.0" encoding="utf-8"?>
<scene PGFVersion="0.25" GSCVersion="1.25.6227" id="id147545">
  <layers>
    <layer id="id385959">
      <actors />
      <attributes>
        <text id="name">Layer 1</text>
        <boolean id="scrollable">false</boolean>
      </attributes>
    </layer>
    <layer id="id883800">
      <actors>
        <actor id="id964028" prototype="id201447">
          <attributes>
            <point id="position">
              <real id="x">333</real>
              <real id="y">188</real>
            </point>
            <size id="size">
              <real id="width">667</real>
              <real id="height">375</real>
            </size>
            <angle id="rotation">0</angle>
            <image id="image">Level-Change-1</image>
          </attributes>
          <behaviors>
            <behavior id="id454144" class="AnimateBehavior" enabled="true">
              <attributes>
                <text id="name">Animate</text>
                <text id="bundleName">Animate.behavior</text>
                <text id="images">Level-Change-1	Level-Change-2</text>
                <index id="speed">4</index>
                <boolean id="loop">true</boolean>
                <boolean id="restoreActorImage">true</boolean>
                <text id="currentFrameAttribute" />
              </attributes>
            </behavior>
          </behaviors>
          <aspects />
        </actor>
        <actor id="id109877" prototype="id821356">
          <attributes>
            <point id="position">
              <real id="x">568</real>
              <real id="y">78</real>
            </point>
            <size id="size">
              <real id="width">135</real>
              <real id="height">128</real>
            </size>
            <angle id="rotation">0</angle>
            <image id="image">Space_Age_-_play</image>
          </attributes>
          <behaviors>
            <behavior id="id779441" class="RuleBehavior" enabled="true">
              <attributes>
                <text id="name">Play Again</text>
                <text id="bundleName">Rule.behavior</text>
                <real id="compoundConditionKind">0</real>
              </attributes>
              <conditions>
                <condition id="id508424" eventType="mouse button" pluginPredicateTypeIndex="0" class="MouseButton">
                  <attributes>
                    <text id="name">default name</text>
                    <index id="conditionType">0</index>
                  </attributes>
                  <predicate type="mouse" mouseState="down">
                    <attributes />
                  </predicate>
                </condition>
              </conditions>
              <behaviors>
                <behavior id="id810123" class="ChangeSceneAction" enabled="true">
                  <attributes>
                    <text id="name">Change Scene</text>
                    <text id="bundleName">ChangeScene.behavior</text>
                    <text id="sceneKey">id630038</text>
                    <index id="enableAdvertisement">0</index>
                    <index id="index">1</index>
                  </attributes>
                </behavior>
                <behavior id="id809056" class="ChangeAttributeAction" enabled="true">
                  <attributes>
                    <text id="name">Change Attribute</text>
                    <text id="bundleName">ChangeAttribute.behavior</text>
                    <text id="targetAttribute">game.attributes.id143088</text>
                    <text id="RHS">false</text>
                  </attributes>
                </behavior>
                <behavior id="id270052" class="ChangeAttributeAction" enabled="true">
                  <attributes>
                    <text id="name">Change Attribute</text>
                    <text id="bundleName">ChangeAttribute.behavior</text>
                    <text id="targetAttribute">game.attributes.id706962</text>
                    <text id="RHS">true</text>
                  </attributes>
                </behavior>
              </behaviors>
            </behavior>
            <behavior id="id289159" class="RuleBehavior" enabled="true">
              <attributes>
                <text id="name">Rule</text>
                <text id="bundleName">Rule.behavior</text>
                <real id="compoundConditionKind">0</real>
              </attributes>
              <conditions>
                <condition id="id922617" eventType="touch" pluginPredicateTypeIndex="0" class="Touch">
                  <attributes>
                    <text id="name">default name</text>
                    <index id="conditionType">0</index>
                  </attributes>
                  <predicate type="touch" conditionType="pressed">
                    <attributes />
                  </predicate>
                </condition>
              </conditions>
              <behaviors>
                <behavior id="id697879" class="ChangeSceneAction" enabled="true">
                  <attributes>
                    <text id="name">Change Scene</text>
                    <text id="bundleName">ChangeScene.behavior</text>
                    <text id="sceneKey">id630038</text>
                    <index id="enableAdvertisement">0</index>
                    <index id="index">1</index>
                  </attributes>
                </behavior>
                <behavior id="id354448" class="ChangeAttributeAction" enabled="true">
                  <attributes>
                    <text id="name">Change Attribute</text>
                    <text id="bundleName">ChangeAttribute.behavior</text>
                    <text id="targetAttribute">game.attributes.id143088</text>
                    <text id="RHS">false</text>
                  </attributes>
                </behavior>
                <behavior id="id575220" class="ChangeAttributeAction" enabled="false">
                  <attributes>
                    <text id="name">Change Attribute</text>
                    <text id="bundleName">ChangeAttribute.behavior</text>
                    <text id="targetAttribute">game.attributes.id391305</text>
                    <text id="RHS">0</text>
                  </attributes>
                </behavior>
                <behavior id="id557185" class="ChangeAttributeAction" enabled="false">
                  <attributes>
                    <text id="name">Change Attribute</text>
                    <text id="bundleName">ChangeAttribute.behavior</text>
                    <text id="targetAttribute">game.attributes.id410366</text>
                    <text id="RHS">0</text>
                  </attributes>
                </behavior>
                <behavior id="id540082" class="ChangeAttributeAction" enabled="true">
                  <attributes>
                    <text id="name">Change Attribute</text>
                    <text id="bundleName">ChangeAttribute.behavior</text>
                    <text id="targetAttribute">game.attributes.id706962</text>
                    <text id="RHS">true</text>
                  </attributes>
                </behavior>
              </behaviors>
            </behavior>
          </behaviors>
          <aspects />
        </actor>
      </actors>
      <attributes>
        <text id="name">Background</text>
        <boolean id="scrollable">true</boolean>
      </attributes>
    </layer>
  </layers>
  <attributes>
    <text id="name">Level Up Screen</text>
    <real id="time">0</real>
    <size id="size">
      <real id="width">667</real>
      <real id="height">375</real>
    </size>
    <boolean id="wrapX">false</boolean>
    <boolean id="wrapY">false</boolean>
    <point id="gravity">
      <real id="x">0</real>
      <real id="y">0</real>
    </point>
    <color id="color">
      <real id="red">0</real>
      <real id="green">0</real>
      <real id="blue">0</real>
      <real id="alpha">1</real>
    </color>
    <rect id="camera">
      <point id="origin">
        <real id="x">0</real>
        <real id="y">0</real>
      </point>
      <size id="size">
        <real id="width">667</real>
        <real id="height">375</real>
      </size>
      <size id="trackingArea">
        <real id="width">587</real>
        <real id="height">315</real>
      </size>
      <real id="rotation">0</real>
    </rect>
    <attributes id="autorotate">
      <boolean id="landscapeLeft">true</boolean>
      <boolean id="portrait">false</boolean>
      <boolean id="landscapeRight">false</boolean>
      <boolean id="portraitUpsideDown">false</boolean>
    </attributes>
  </attributes>
</scene>