<?xml version="1.0" encoding="utf-8"?>
<scene PGFVersion="0.25" GSCVersion="1.25.6227" id="id147545">
  <layers>
    <layer id="id385959">
      <actors>
        <actor id="id681698" prototype="id857840">
          <attributes>
            <point id="position">
              <real id="x">332</real>
              <real id="y">185</real>
            </point>
            <size id="size">
              <real id="width">667</real>
              <real id="height">375</real>
            </size>
            <angle id="rotation">0</angle>
          </attributes>
          <aspects />
        </actor>
      </actors>
      <attributes>
        <text id="name">Layer 1</text>
        <boolean id="scrollable">false</boolean>
      </attributes>
    </layer>
    <layer id="id883800">
      <actors>
        <actor id="id330371" prototype="id792069">
          <attributes>
            <point id="position">
              <real id="x">403</real>
              <real id="y">257</real>
            </point>
            <size id="size">
              <real id="width">31.6</real>
              <real id="height">30</real>
            </size>
            <angle id="rotation">0</angle>
            <image id="image">acorn</image>
          </attributes>
          <aspects />
        </actor>
        <actor id="id617235" prototype="id652729">
          <attributes>
            <point id="position">
              <real id="x">404</real>
              <real id="y">191</real>
            </point>
            <size id="size">
              <real id="width">30</real>
              <real id="height">30</real>
            </size>
            <angle id="rotation">0</angle>
            <image id="image">Space_Pill_Collectable</image>
            <color id="color">
              <real id="red">1</real>
              <real id="green">1</real>
              <real id="blue">1</real>
              <real id="alpha">1</real>
            </color>
          </attributes>
          <aspects />
        </actor>
        <actor id="id114057" prototype="id716315">
          <attributes>
            <point id="position">
              <real id="x">491</real>
              <real id="y">261</real>
            </point>
            <size id="size">
              <real id="width">50</real>
              <real id="height">44</real>
            </size>
            <angle id="rotation">0</angle>
            <image id="image" />
            <color id="color">
              <real id="alpha">1</real>
            </color>
          </attributes>
          <aspects />
        </actor>
        <actor id="id773667" prototype="id533637">
          <attributes>
            <point id="position">
              <real id="x">493</real>
              <real id="y">194</real>
            </point>
            <size id="size">
              <real id="width">45</real>
              <real id="height">39</real>
            </size>
            <angle id="rotation">0</angle>
            <image id="image" />
          </attributes>
          <aspects />
        </actor>
        <actor id="id631367" prototype="id490347">
          <attributes>
            <point id="position">
              <real id="x">398</real>
              <real id="y">113</real>
            </point>
            <size id="size">
              <real id="width">130.4</real>
              <real id="height">38.4</real>
            </size>
            <angle id="rotation">0</angle>
          </attributes>
          <aspects />
        </actor>
        <actor id="id641020" prototype="id527184">
          <attributes>
            <point id="position">
              <real id="x">520</real>
              <real id="y">113</real>
            </point>
            <size id="size">
              <real id="width">52.8</real>
              <real id="height">38.4</real>
            </size>
            <angle id="rotation">0</angle>
          </attributes>
          <aspects />
        </actor>
      </actors>
      <attributes>
        <text id="name">Background</text>
        <boolean id="scrollable">true</boolean>
      </attributes>
    </layer>
  </layers>
  <attributes>
    <text id="name">Level Up Screen</text>
    <real id="time">0</real>
    <size id="size">
      <real id="width">667</real>
      <real id="height">375</real>
    </size>
    <boolean id="wrapX">false</boolean>
    <boolean id="wrapY">false</boolean>
    <point id="gravity">
      <real id="x">0</real>
      <real id="y">0</real>
    </point>
    <color id="color">
      <real id="red">0</real>
      <real id="green">0</real>
      <real id="blue">0</real>
      <real id="alpha">1</real>
    </color>
    <rect id="camera">
      <point id="origin">
        <real id="x">0</real>
        <real id="y">0</real>
      </point>
      <size id="size">
        <real id="width">667</real>
        <real id="height">375</real>
      </size>
      <size id="trackingArea">
        <real id="width">587</real>
        <real id="height">315</real>
      </size>
      <real id="rotation">0</real>
    </rect>
    <attributes id="autorotate">
      <boolean id="landscapeLeft">true</boolean>
      <boolean id="portrait">false</boolean>
      <boolean id="landscapeRight">false</boolean>
      <boolean id="portraitUpsideDown">false</boolean>
    </attributes>
  </attributes>
</scene>