<?xml version="1.0" encoding="utf-8"?>
<scene PGFVersion="0.25" GSCVersion="1.25.6227" id="id871022">
  <layers>
    <layer id="id961549">
      <actors>
        <actor id="id670105" prototype="id809381">
          <attributes>
            <point id="position">
              <real id="x">2921</real>
              <real id="y">335</real>
            </point>
            <size id="size">
              <real id="width">6000</real>
              <real id="height">711</real>
            </size>
            <angle id="rotation">0</angle>
            <image id="image">background</image>
          </attributes>
          <aspects />
        </actor>
      </actors>
      <attributes>
        <text id="name">Layer 1</text>
        <boolean id="scrollable">false</boolean>
      </attributes>
    </layer>
    <layer id="id459771">
      <actors>
        <actor id="id332749" prototype="id700840">
          <attributes>
            <point id="position">
              <real id="x">3884</real>
              <real id="y">158</real>
            </point>
            <size id="size">
              <real id="width">250</real>
              <real id="height">82</real>
            </size>
            <angle id="rotation">0</angle>
            <image id="image">Platform7</image>
          </attributes>
          <aspects />
        </actor>
        <actor id="id613627" prototype="id700840">
          <attributes>
            <point id="position">
              <real id="x">4698</real>
              <real id="y">284</real>
            </point>
            <size id="size">
              <real id="width">397</real>
              <real id="height">131</real>
            </size>
            <angle id="rotation">0</angle>
            <image id="image">Platform9</image>
          </attributes>
          <aspects />
        </actor>
        <actor id="id109619" prototype="id206770">
          <attributes>
            <point id="position">
              <real id="x">7</real>
              <real id="y">82</real>
            </point>
            <size id="size">
              <real id="width">10</real>
              <real id="height">66</real>
            </size>
            <angle id="rotation">0</angle>
          </attributes>
          <aspects />
        </actor>
        <actor id="id676511" prototype="id206770">
          <attributes>
            <point id="position">
              <real id="x">1643</real>
              <real id="y">109</real>
            </point>
            <size id="size">
              <real id="width">10</real>
              <real id="height">37</real>
            </size>
            <angle id="rotation">0</angle>
          </attributes>
          <aspects />
        </actor>
        <actor id="id539536" prototype="id406905">
          <attributes>
            <point id="position">
              <real id="x">5870</real>
              <real id="y">368</real>
            </point>
            <size id="size">
              <real id="width">256</real>
              <real id="height">118</real>
            </size>
            <angle id="rotation">0</angle>
            <image id="image" />
            <color id="color">
              <real id="red">1</real>
              <real id="green">1</real>
              <real id="blue">1</real>
              <real id="alpha">1</real>
            </color>
          </attributes>
          <aspects />
        </actor>
        <actor id="id895795" prototype="id924573">
          <attributes>
            <point id="position">
              <real id="x">1266</real>
              <real id="y">282</real>
            </point>
            <size id="size">
              <real id="width">30</real>
              <real id="height">30</real>
            </size>
            <angle id="rotation">0</angle>
          </attributes>
          <aspects />
        </actor>
        <actor id="id381819" prototype="id924573">
          <attributes>
            <point id="position">
              <real id="x">1387</real>
              <real id="y">348</real>
            </point>
            <size id="size">
              <real id="width">30</real>
              <real id="height">30</real>
            </size>
            <angle id="rotation">0</angle>
          </attributes>
          <aspects />
        </actor>
        <actor id="id347203" prototype="id924573">
          <attributes>
            <point id="position">
              <real id="x">1532</real>
              <real id="y">384</real>
            </point>
            <size id="size">
              <real id="width">30</real>
              <real id="height">30</real>
            </size>
            <angle id="rotation">0</angle>
          </attributes>
          <aspects />
        </actor>
        <actor id="id890604" prototype="id924573">
          <attributes>
            <point id="position">
              <real id="x">2775</real>
              <real id="y">262</real>
            </point>
            <size id="size">
              <real id="width">30</real>
              <real id="height">30</real>
            </size>
            <angle id="rotation">0</angle>
          </attributes>
          <aspects />
        </actor>
        <actor id="id168882" prototype="id924573">
          <attributes>
            <point id="position">
              <real id="x">2688</real>
              <real id="y">315</real>
            </point>
            <size id="size">
              <real id="width">30</real>
              <real id="height">30</real>
            </size>
            <angle id="rotation">0</angle>
          </attributes>
          <aspects />
        </actor>
        <actor id="id763766" prototype="id924573">
          <attributes>
            <point id="position">
              <real id="x">3777</real>
              <real id="y">298</real>
            </point>
            <size id="size">
              <real id="width">30</real>
              <real id="height">30</real>
            </size>
            <angle id="rotation">0</angle>
          </attributes>
          <aspects />
        </actor>
        <actor id="id426357" prototype="id924573">
          <attributes>
            <point id="position">
              <real id="x">3849</real>
              <real id="y">344</real>
            </point>
            <size id="size">
              <real id="width">30</real>
              <real id="height">30</real>
            </size>
            <angle id="rotation">0</angle>
          </attributes>
          <aspects />
        </actor>
        <actor id="id864557" prototype="id924573">
          <attributes>
            <point id="position">
              <real id="x">3921</real>
              <real id="y">237</real>
            </point>
            <size id="size">
              <real id="width">30</real>
              <real id="height">30</real>
            </size>
            <angle id="rotation">0</angle>
          </attributes>
          <aspects />
        </actor>
        <actor id="id954895" prototype="id924573">
          <attributes>
            <point id="position">
              <real id="x">4638</real>
              <real id="y">444</real>
            </point>
            <size id="size">
              <real id="width">30</real>
              <real id="height">30</real>
            </size>
            <angle id="rotation">0</angle>
          </attributes>
          <aspects />
        </actor>
        <actor id="id163600" prototype="id924573">
          <attributes>
            <point id="position">
              <real id="x">4730</real>
              <real id="y">495</real>
            </point>
            <size id="size">
              <real id="width">30</real>
              <real id="height">30</real>
            </size>
            <angle id="rotation">0</angle>
          </attributes>
          <aspects />
        </actor>
        <actor id="id486277" prototype="id924573">
          <attributes>
            <point id="position">
              <real id="x">4814</real>
              <real id="y">474</real>
            </point>
            <size id="size">
              <real id="width">30</real>
              <real id="height">30</real>
            </size>
            <angle id="rotation">0</angle>
          </attributes>
          <aspects />
        </actor>
        <actor id="id670183" prototype="id556517">
          <attributes>
            <point id="position">
              <real id="x">1723</real>
              <real id="y">144</real>
            </point>
            <size id="size">
              <real id="width">40</real>
              <real id="height">60</real>
            </size>
            <angle id="rotation">0</angle>
          </attributes>
          <aspects />
        </actor>
        <actor id="id554511" prototype="id556517">
          <attributes>
            <point id="position">
              <real id="x">3194</real>
              <real id="y">329</real>
            </point>
            <size id="size">
              <real id="width">40</real>
              <real id="height">60</real>
            </size>
            <angle id="rotation">0</angle>
          </attributes>
          <aspects />
        </actor>
        <actor id="id124002" prototype="id556517">
          <attributes>
            <point id="position">
              <real id="x">4156</real>
              <real id="y">525</real>
            </point>
            <size id="size">
              <real id="width">40</real>
              <real id="height">60</real>
            </size>
            <angle id="rotation">0</angle>
          </attributes>
          <aspects />
        </actor>
        <actor id="id896501" prototype="id286506">
          <attributes>
            <point id="position">
              <real id="x">4188</real>
              <real id="y">232</real>
            </point>
            <size id="size">
              <real id="width">220</real>
              <real id="height">63</real>
            </size>
            <angle id="rotation">0</angle>
            <real id="id566604" name="StartY">275</real>
            <real id="id290877" name="EndY">193</real>
            <color id="color">
              <real id="red">1</real>
              <real id="green">1</real>
              <real id="blue">1</real>
              <real id="alpha">1</real>
            </color>
            <real id="id107527" name="StaticX">0</real>
            <image id="image">Platform8</image>
          </attributes>
          <behaviors>
            <behavior id="id391771" class="ChangeAttributeAction" enabled="true">
              <attributes>
                <text id="name">Change Attribute</text>
                <text id="bundleName">ChangeAttribute.behavior</text>
                <text id="targetAttribute">self.aspects.motion.attributes.linearVelocity.y</text>
                <text id="RHS">40</text>
              </attributes>
            </behavior>
            <behavior id="id597586" class="RuleBehavior" enabled="true">
              <attributes>
                <text id="name">Up</text>
                <text id="bundleName">Rule.behavior</text>
                <real id="compoundConditionKind">0</real>
              </attributes>
              <conditions>
                <condition id="id812967" eventType="mouse position" pluginPredicateTypeIndex="0" class="AttributeCondition">
                  <attributes>
                    <index id="conditionType">1</index>
                    <text id="subjectAttribute">self.attributes.position.y</text>
                    <text id="name">default name</text>
                  </attributes>
                  <predicate type="number">
                    <attributes>
                      <text id="operator">&gt;</text>
                      <real id="RHS">
                        <expression>
                          <reference keypath="self.attributes.id566604" />
                        </expression>
                      </real>
                    </attributes>
                  </predicate>
                </condition>
              </conditions>
              <behaviors>
                <behavior id="id735825" class="ChangeAttributeAction" enabled="true">
                  <attributes>
                    <text id="name">Change Attribute</text>
                    <text id="bundleName">ChangeAttribute.behavior</text>
                    <text id="targetAttribute">self.aspects.motion.attributes.linearVelocity.y</text>
                    <text id="RHS">-40</text>
                  </attributes>
                </behavior>
              </behaviors>
            </behavior>
            <behavior id="id322033" class="RuleBehavior" enabled="true">
              <attributes>
                <text id="name">Down</text>
                <text id="bundleName">Rule.behavior</text>
                <real id="compoundConditionKind">0</real>
              </attributes>
              <conditions>
                <condition id="id827356" eventType="mouse position" pluginPredicateTypeIndex="0" class="AttributeCondition">
                  <attributes>
                    <index id="conditionType">1</index>
                    <text id="subjectAttribute">self.attributes.position.y</text>
                    <text id="name">default name</text>
                  </attributes>
                  <predicate type="number">
                    <attributes>
                      <text id="operator">&lt;</text>
                      <real id="RHS">
                        <expression>
                          <reference keypath="self.attributes.id290877" />
                        </expression>
                      </real>
                    </attributes>
                  </predicate>
                </condition>
              </conditions>
              <behaviors>
                <behavior id="id385891" class="ChangeAttributeAction" enabled="true">
                  <attributes>
                    <text id="name">Change Attribute</text>
                    <text id="bundleName">ChangeAttribute.behavior</text>
                    <text id="targetAttribute">self.aspects.motion.attributes.linearVelocity.y</text>
                    <text id="RHS">40</text>
                  </attributes>
                </behavior>
              </behaviors>
            </behavior>
            <behavior id="id795978" class="CollideBehavior" enabled="true">
              <attributes>
                <text id="name">Collide</text>
                <text id="bundleName">Collide.behavior</text>
                <text id="prototypeKey">id784889</text>
                <text id="actorTag">Ground</text>
                <index id="mode">0</index>
              </attributes>
            </behavior>
            <behavior id="id161802" class="ChangeAttributeAction" enabled="true">
              <attributes>
                <text id="name">Change Attribute</text>
                <text id="bundleName">ChangeAttribute.behavior</text>
                <text id="targetAttribute">self.attributes.id107527</text>
                <text id="RHS">
                  <expression>
                    <reference keypath="self.attributes.position.x" />
                  </expression>
                </text>
              </attributes>
            </behavior>
            <behavior id="id782639" class="ConstrainAttributeBehavior" enabled="true">
              <attributes>
                <text id="name">Constrain Attribute</text>
                <text id="bundleName">ConstrainAttribute.behavior</text>
                <text id="targetAttribute">self.attributes.position.x</text>
                <text id="RHS">
                  <expression>
                    <reference keypath="self.attributes.id107527" />
                  </expression>
                </text>
              </attributes>
            </behavior>
          </behaviors>
          <aspects>
            <graphics>
              <attributes />
            </graphics>
            <physics>
              <attributes>
                <real id="density">999999</real>
                <real id="friction">0</real>
                <real id="restitution">0</real>
                <boolean id="fixedRotation">true</boolean>
                <boolean id="canSleep">true</boolean>
                <boolean id="betterColisions">false</boolean>
              </attributes>
            </physics>
          </aspects>
        </actor>
        <actor id="id590303" prototype="id871661">
          <attributes>
            <point id="position">
              <real id="x">953</real>
              <real id="y">40</real>
            </point>
            <size id="size">
              <real id="width">262</real>
              <real id="height">128</real>
            </size>
            <angle id="rotation">-5.85601358542896</angle>
            <image id="image">Platform2</image>
          </attributes>
          <aspects />
        </actor>
        <actor id="id958052" prototype="id206770">
          <attributes>
            <point id="position">
              <real id="x">837</real>
              <real id="y">70</real>
            </point>
            <size id="size">
              <real id="width">10</real>
              <real id="height">50</real>
            </size>
            <angle id="rotation">0</angle>
          </attributes>
          <aspects>
            <graphics>
              <attributes>
                <boolean id="flipHorizontally">true</boolean>
              </attributes>
            </graphics>
            <physics>
              <attributes>
                <boolean id="canSleep">true</boolean>
                <boolean id="betterColisions">false</boolean>
              </attributes>
            </physics>
          </aspects>
        </actor>
        <actor id="id679283" prototype="id871661">
          <attributes>
            <point id="position">
              <real id="x">2518</real>
              <real id="y">71</real>
            </point>
            <size id="size">
              <real id="width">820</real>
              <real id="height">174</real>
            </size>
            <angle id="rotation">0</angle>
            <image id="image">Platform1</image>
            <boolean id="preloadArt">true</boolean>
          </attributes>
          <aspects />
        </actor>
        <actor id="id437895" prototype="id871661">
          <attributes>
            <point id="position">
              <real id="x">1869</real>
              <real id="y">35</real>
            </point>
            <size id="size">
              <real id="width">165</real>
              <real id="height">112</real>
            </size>
            <angle id="rotation">0</angle>
            <image id="image">Platform3</image>
          </attributes>
          <aspects />
        </actor>
        <actor id="id386422" prototype="id700840">
          <attributes>
            <point id="position">
              <real id="x">1758</real>
              <real id="y">28</real>
            </point>
            <size id="size">
              <real id="width">398</real>
              <real id="height">116</real>
            </size>
            <angle id="rotation">0</angle>
            <image id="image">Platform4</image>
          </attributes>
          <aspects />
        </actor>
        <actor id="id666010" prototype="id871661">
          <attributes>
            <point id="position">
              <real id="x">432</real>
              <real id="y">91</real>
            </point>
            <size id="size">
              <real id="width">369</real>
              <real id="height">129</real>
            </size>
            <angle id="rotation">0</angle>
            <image id="image">mountain1</image>
          </attributes>
          <aspects />
        </actor>
        <actor id="id928736" prototype="id871661">
          <attributes>
            <point id="position">
              <real id="x">5431</real>
              <real id="y">347</real>
            </point>
            <size id="size">
              <real id="width">461</real>
              <real id="height">96</real>
            </size>
            <angle id="rotation">0</angle>
            <image id="image">mountain2</image>
          </attributes>
          <aspects />
        </actor>
        <actor id="id181892" prototype="id871661">
          <attributes>
            <point id="position">
              <real id="x">3346</real>
              <real id="y">112</real>
            </point>
            <size id="size">
              <real id="width">360</real>
              <real id="height">126</real>
            </size>
            <angle id="rotation">0</angle>
            <image id="image">mountain3</image>
          </attributes>
          <aspects />
        </actor>
        <actor id="id272730" prototype="id871661">
          <attributes>
            <point id="position">
              <real id="x">1423</real>
              <real id="y">201</real>
            </point>
            <size id="size">
              <real id="width">278</real>
              <real id="height">117</real>
            </size>
            <angle id="rotation">0</angle>
            <image id="image">mountain2</image>
          </attributes>
          <aspects />
        </actor>
        <actor id="id803858" prototype="id871661">
          <attributes>
            <point id="position">
              <real id="x">1446</real>
              <real id="y">72</real>
            </point>
            <size id="size">
              <real id="width">431</real>
              <real id="height">162</real>
            </size>
            <angle id="rotation">0</angle>
            <image id="image">flat-platform</image>
          </attributes>
          <aspects />
        </actor>
        <actor id="id265687" prototype="id784889">
          <attributes>
            <point id="position">
              <real id="x">73</real>
              <real id="y">288</real>
            </point>
            <size id="size">
              <real id="width">100</real>
              <real id="height">80</real>
            </size>
            <angle id="rotation">0</angle>
            <image id="image">Mr.-Squirrel</image>
          </attributes>
          <aspects>
            <graphics>
              <attributes />
            </graphics>
            <physics>
              <attributes>
                <real id="density">0</real>
                <boolean id="canSleep">true</boolean>
                <boolean id="betterColisions">false</boolean>
              </attributes>
            </physics>
          </aspects>
        </actor>
        <actor id="id599832" prototype="id700840">
          <attributes>
            <point id="position">
              <real id="x">962</real>
              <real id="y">79</real>
            </point>
            <size id="size">
              <real id="width">179</real>
              <real id="height">47</real>
            </size>
            <angle id="rotation">0</angle>
            <image id="image" />
            <color id="color">
              <real id="alpha">1</real>
            </color>
          </attributes>
          <behaviors>
            <behavior id="id478722" class="ChangeAttributeAction" enabled="true">
              <attributes>
                <text id="name">Change Attribute</text>
                <text id="bundleName">ChangeAttribute.behavior</text>
                <text id="targetAttribute">self.attributes.color.alpha</text>
                <text id="RHS">0</text>
              </attributes>
            </behavior>
          </behaviors>
          <aspects />
        </actor>
        <actor id="id435826" prototype="id700840">
          <attributes>
            <point id="position">
              <real id="x">1434</real>
              <real id="y">128</real>
            </point>
            <size id="size">
              <real id="width">358</real>
              <real id="height">48</real>
            </size>
            <angle id="rotation">0</angle>
            <image id="image" />
            <color id="color">
              <real id="red">1</real>
              <real id="green">1</real>
              <real id="blue">1</real>
              <real id="alpha">1</real>
            </color>
          </attributes>
          <behaviors>
            <behavior id="id845166" class="ChangeAttributeAction" enabled="true">
              <attributes>
                <text id="name">Change Attribute</text>
                <text id="bundleName">ChangeAttribute.behavior</text>
                <text id="targetAttribute">self.attributes.color.alpha</text>
                <text id="RHS">0</text>
              </attributes>
            </behavior>
          </behaviors>
          <aspects />
        </actor>
        <actor id="id623858" prototype="id700840">
          <attributes>
            <point id="position">
              <real id="x">2519</real>
              <real id="y">144</real>
            </point>
            <size id="size">
              <real id="width">818</real>
              <real id="height">30</real>
            </size>
            <angle id="rotation">0</angle>
            <image id="image" />
          </attributes>
          <behaviors>
            <behavior id="id816124" class="ChangeAttributeAction" enabled="true">
              <attributes>
                <text id="name">Change Attribute</text>
                <text id="bundleName">ChangeAttribute.behavior</text>
                <text id="targetAttribute">self.attributes.color.alpha</text>
                <text id="RHS">0</text>
              </attributes>
            </behavior>
          </behaviors>
          <aspects />
        </actor>
        <actor id="id765278" prototype="id700840">
          <attributes>
            <point id="position">
              <real id="x">3372</real>
              <real id="y">46</real>
            </point>
            <size id="size">
              <real id="width">534</real>
              <real id="height">34</real>
            </size>
            <angle id="rotation">0</angle>
            <image id="image" />
          </attributes>
          <behaviors>
            <behavior id="id240985" class="ChangeAttributeAction" enabled="true">
              <attributes>
                <text id="name">Change Attribute</text>
                <text id="bundleName">ChangeAttribute.behavior</text>
                <text id="targetAttribute">self.attributes.color.alpha</text>
                <text id="RHS">0</text>
              </attributes>
            </behavior>
          </behaviors>
          <aspects />
        </actor>
        <actor id="id666058" prototype="id871661">
          <attributes>
            <point id="position">
              <real id="x">5577</real>
              <real id="y">150</real>
            </point>
            <size id="size">
              <real id="width">1089</real>
              <real id="height">326</real>
            </size>
            <angle id="rotation">0</angle>
            <image id="image">flat-platform</image>
          </attributes>
          <aspects />
        </actor>
        <actor id="id650637" prototype="id700840">
          <attributes>
            <point id="position">
              <real id="x">5564</real>
              <real id="y">293</real>
            </point>
            <size id="size">
              <real id="width">899</real>
              <real id="height">36</real>
            </size>
            <angle id="rotation">0</angle>
            <image id="image" />
          </attributes>
          <behaviors>
            <behavior id="id897809" class="ChangeAttributeAction" enabled="true">
              <attributes>
                <text id="name">Change Attribute</text>
                <text id="bundleName">ChangeAttribute.behavior</text>
                <text id="targetAttribute">self.attributes.color.alpha</text>
                <text id="RHS">0</text>
              </attributes>
            </behavior>
          </behaviors>
          <aspects />
        </actor>
        <actor id="id151290" prototype="id700840">
          <attributes>
            <point id="position">
              <real id="x">463</real>
              <real id="y">24</real>
            </point>
            <size id="size">
              <real id="width">1088</real>
              <real id="height">52</real>
            </size>
            <angle id="rotation">0</angle>
            <image id="image">Flat-Platform</image>
          </attributes>
          <aspects />
        </actor>
        <actor id="id526296" prototype="id871661">
          <attributes>
            <point id="position">
              <real id="x">3372</real>
              <real id="y">29</real>
            </point>
            <size id="size">
              <real id="width">650</real>
              <real id="height">72</real>
            </size>
            <angle id="rotation">0</angle>
            <image id="image">flat-platform2</image>
          </attributes>
          <aspects />
        </actor>
        <actor id="id488439" prototype="id610722">
          <attributes>
            <point id="position">
              <real id="x">2341</real>
              <real id="y">259</real>
            </point>
            <size id="size">
              <real id="width">48</real>
              <real id="height">15</real>
            </size>
            <angle id="rotation">0</angle>
          </attributes>
          <behaviors>
            <behavior id="id342413" class="ConstrainAttributeBehavior" enabled="true">
              <attributes>
                <text id="name">Set X</text>
                <text id="bundleName">ConstrainAttribute.behavior</text>
                <text id="targetAttribute">self.attributes.position.x</text>
                <text id="RHS">
                  <expression>
                    <reference keypath="game.attributes.id299839" />
                  </expression>
                </text>
              </attributes>
            </behavior>
            <behavior id="id914542" class="ConstrainAttributeBehavior" enabled="true">
              <attributes>
                <text id="name">Set Y</text>
                <text id="bundleName">ConstrainAttribute.behavior</text>
                <text id="targetAttribute">self.attributes.position.y</text>
                <text id="RHS">
                  <expression>
                    <reference keypath="game.attributes.id591961" />
                    <string xml:space="preserve"> + 5</string>
                  </expression>
                </text>
              </attributes>
            </behavior>
            <behavior id="id808753" class="RuleBehavior" enabled="true">
              <attributes>
                <text id="name">Kill Enemy</text>
                <text id="bundleName">Rule.behavior</text>
                <real id="compoundConditionKind">0</real>
              </attributes>
              <conditions>
                <condition id="id320813" eventType="overlaps or collides" pluginPredicateTypeIndex="0" class="Collision">
                  <attributes>
                    <text id="name">default name</text>
                    <index id="conditionType">0</index>
                  </attributes>
                  <predicate type="collision">
                    <attributes>
                      <text id="prototypeKey">id784889</text>
                      <text id="actorTag" />
                      <real id="mode">0</real>
                    </attributes>
                  </predicate>
                </condition>
              </conditions>
              <behaviors>
                <behavior id="id891850" class="ChangeAttributeAction" enabled="true">
                  <attributes>
                    <text id="name">Change Attribute</text>
                    <text id="bundleName">ChangeAttribute.behavior</text>
                    <text id="targetAttribute">game.attributes.id693125</text>
                    <text id="RHS">true</text>
                  </attributes>
                </behavior>
                <behavior id="id378204" class="LogDebuggingStatementAction" enabled="true">
                  <attributes>
                    <text id="name">Log Debugging Statement</text>
                    <text id="bundleName">LogDebuggingStatement.behavior</text>
                    <text id="text">
                      <expression>
                        <reference keypath="game.attributes.id693125" />
                      </expression>
                    </text>
                  </attributes>
                </behavior>
              </behaviors>
            </behavior>
            <behavior id="id552771" class="ChangeAttributeAction" enabled="true">
              <attributes>
                <text id="name">Change Attribute</text>
                <text id="bundleName">ChangeAttribute.behavior</text>
                <text id="targetAttribute">self.attributes.color.alpha</text>
                <text id="RHS">0</text>
              </attributes>
            </behavior>
          </behaviors>
          <aspects />
        </actor>
        <actor id="id748824" prototype="id347394">
          <attributes>
            <point id="position">
              <real id="x">2343</real>
              <real id="y">223</real>
            </point>
            <size id="size">
              <real id="width">62.4000000000001</real>
              <real id="height">63.2</real>
            </size>
            <angle id="rotation">0</angle>
            <image id="image" />
            <real id="id252093" name="StartX">2340</real>
            <real id="id684807" name="EndX">2715</real>
            <real id="id552728" name="Speed">50</real>
          </attributes>
          <behaviors>
            <behavior id="id724432" class="RuleBehavior" enabled="true">
              <attributes>
                <text id="name">Kill me</text>
                <text id="bundleName">Rule.behavior</text>
                <real id="compoundConditionKind">0</real>
              </attributes>
              <conditions>
                <condition id="id902693" eventType="mouse position" pluginPredicateTypeIndex="0" class="AttributeCondition">
                  <attributes>
                    <index id="conditionType">1</index>
                    <text id="subjectAttribute">game.attributes.id693125</text>
                    <text id="name">default name</text>
                  </attributes>
                  <predicate type="boolean">
                    <attributes>
                      <index id="RHS">1</index>
                    </attributes>
                  </predicate>
                </condition>
              </conditions>
              <behaviors>
                <behavior id="id210063" class="DestroyAction" enabled="true">
                  <attributes>
                    <text id="name">Destroy</text>
                    <text id="bundleName">Destroy.behavior</text>
                  </attributes>
                </behavior>
                <behavior id="id706507" class="ChangeAttributeAction" enabled="true">
                  <attributes>
                    <text id="name">Change Attribute</text>
                    <text id="bundleName">ChangeAttribute.behavior</text>
                    <text id="targetAttribute">game.attributes.id693125</text>
                    <text id="RHS">false</text>
                  </attributes>
                </behavior>
                <behavior id="id513124" class="LogDebuggingStatementAction" enabled="true">
                  <attributes>
                    <text id="name">Log Debugging Statement</text>
                    <text id="bundleName">LogDebuggingStatement.behavior</text>
                    <text id="text">
                      <expression>
                        <reference keypath="game.attributes.id693125" />
                      </expression>
                    </text>
                  </attributes>
                </behavior>
              </behaviors>
            </behavior>
            <behavior id="id347529" class="ConstrainAttributeBehavior" enabled="true">
              <attributes>
                <text id="name">Constrain Attribute</text>
                <text id="bundleName">ConstrainAttribute.behavior</text>
                <text id="targetAttribute">game.attributes.id591961</text>
                <text id="RHS">
                  <expression>
                    <reference keypath="game.attributes.id169275" />
                  </expression>
                </text>
              </attributes>
            </behavior>
            <behavior id="id803431" class="ConstrainAttributeBehavior" enabled="true">
              <attributes>
                <text id="name">Calculate Enemy Top</text>
                <text id="bundleName">ConstrainAttribute.behavior</text>
                <text id="targetAttribute">game.attributes.id169275</text>
                <text id="RHS">
                  <expression>
                    <reference keypath="self.attributes.position.y" />
                    <string xml:space="preserve"> + (</string>
                    <reference keypath="self.attributes.size.height" />
                    <string xml:space="preserve">/2)</string>
                  </expression>
                </text>
              </attributes>
            </behavior>
            <behavior id="id778765" class="ConstrainAttributeBehavior" enabled="true">
              <attributes>
                <text id="name">Detect Y</text>
                <text id="bundleName">ConstrainAttribute.behavior</text>
                <text id="targetAttribute">game.attributes.id591961</text>
                <text id="RHS">
                  <expression>
                    <reference keypath="game.attributes.id169275" />
                  </expression>
                </text>
              </attributes>
            </behavior>
            <behavior id="id560201" class="ConstrainAttributeBehavior" enabled="true">
              <attributes>
                <text id="name">Detect X</text>
                <text id="bundleName">ConstrainAttribute.behavior</text>
                <text id="targetAttribute">game.attributes.id299839</text>
                <text id="RHS">
                  <expression>
                    <reference keypath="self.attributes.position.x" />
                  </expression>
                </text>
              </attributes>
            </behavior>
            <behavior id="id838388" class="ChangeAttributeAction" enabled="true">
              <attributes>
                <text id="name">Change Attribute</text>
                <text id="bundleName">ChangeAttribute.behavior</text>
                <text id="targetAttribute">self.aspects.motion.attributes.linearVelocity.x</text>
                <text id="RHS">
                  <expression>
                    <reference keypath="self.attributes.id552728" />
                  </expression>
                </text>
              </attributes>
            </behavior>
            <behavior id="id648158" class="RuleBehavior" enabled="true">
              <attributes>
                <text id="name">Enemy Move</text>
                <text id="bundleName">Rule.behavior</text>
                <real id="compoundConditionKind">1</real>
              </attributes>
              <conditions>
                <condition id="id110679" eventType="mouse position" pluginPredicateTypeIndex="0" class="AttributeCondition">
                  <attributes>
                    <index id="conditionType">1</index>
                    <text id="subjectAttribute">self.attributes.position.x</text>
                    <text id="name">default name</text>
                  </attributes>
                  <predicate type="number">
                    <attributes>
                      <text id="operator">&gt;</text>
                      <real id="RHS">
                        <expression>
                          <reference keypath="self.attributes.id684807" />
                        </expression>
                      </real>
                    </attributes>
                  </predicate>
                </condition>
                <condition id="id765300" eventType="mouse position" pluginPredicateTypeIndex="0" class="AttributeCondition">
                  <attributes>
                    <index id="conditionType">1</index>
                    <text id="subjectAttribute">self.attributes.position.x</text>
                    <text id="name">default name</text>
                  </attributes>
                  <predicate type="number">
                    <attributes>
                      <text id="operator">&lt;</text>
                      <real id="RHS">
                        <expression>
                          <reference keypath="self.attributes.id252093" />
                        </expression>
                      </real>
                    </attributes>
                  </predicate>
                </condition>
              </conditions>
              <behaviors>
                <behavior id="id477157" class="ChangeAttributeAction" enabled="true">
                  <attributes>
                    <text id="name">Change Attribute</text>
                    <text id="bundleName">ChangeAttribute.behavior</text>
                    <text id="targetAttribute">self.aspects.motion.attributes.linearVelocity.x</text>
                    <text id="RHS">
                      <expression>
                        <string xml:space="preserve">-(</string>
                        <reference keypath="self.aspects.motion.attributes.linearVelocity.x" />
                        <string xml:space="preserve">)</string>
                      </expression>
                    </text>
                  </attributes>
                </behavior>
              </behaviors>
            </behavior>
            <behavior id="id105004" class="AnimateBehavior" enabled="true">
              <attributes>
                <text id="name">Animate</text>
                <text id="bundleName">Animate.behavior</text>
                <text id="images">Enemy_1.2_small@3x	Enemy_1.1_small</text>
                <index id="speed">10</index>
                <boolean id="loop">true</boolean>
                <boolean id="restoreActorImage">true</boolean>
                <text id="currentFrameAttribute" />
              </attributes>
            </behavior>
            <behavior id="id818270" class="AccelerateBehavior" enabled="true">
              <attributes>
                <text id="name">Gravity</text>
                <text id="bundleName">Accelerate.behavior</text>
                <angle id="direction">270</angle>
                <index id="space">1</index>
                <real id="acceleration">1000</real>
              </attributes>
            </behavior>
            <behavior id="id336457" class="CollideBehavior" enabled="true">
              <attributes>
                <text id="name">Collide</text>
                <text id="bundleName">Collide.behavior</text>
                <text id="prototypeKey">id700840</text>
                <text id="actorTag">Ground</text>
                <index id="mode">0</index>
              </attributes>
            </behavior>
            <behavior id="id901281" class="RuleBehavior" enabled="true">
              <attributes>
                <text id="name">Enemy Flip horizontal</text>
                <text id="bundleName">Rule.behavior</text>
                <real id="compoundConditionKind">0</real>
              </attributes>
              <conditions>
                <condition id="id402892" eventType="mouse position" pluginPredicateTypeIndex="0" class="AttributeCondition">
                  <attributes>
                    <index id="conditionType">1</index>
                    <text id="subjectAttribute">self.aspects.motion.attributes.linearVelocity.x</text>
                    <text id="name">default name</text>
                  </attributes>
                  <predicate type="number">
                    <attributes>
                      <text id="operator">&gt;</text>
                      <real id="RHS">0</real>
                    </attributes>
                  </predicate>
                </condition>
              </conditions>
              <behaviors>
                <behavior id="id356768" class="ChangeAttributeAction" enabled="true">
                  <attributes>
                    <text id="name">Change Attribute</text>
                    <text id="bundleName">ChangeAttribute.behavior</text>
                    <text id="targetAttribute">self.aspects.graphics.attributes.flipHorizontally</text>
                    <text id="RHS">true</text>
                  </attributes>
                </behavior>
              </behaviors>
              <elseBehaviors>
                <behavior id="id608043" class="ChangeAttributeAction" enabled="true">
                  <attributes>
                    <text id="name">Change Attribute</text>
                    <text id="bundleName">ChangeAttribute.behavior</text>
                    <text id="targetAttribute">self.aspects.graphics.attributes.flipHorizontally</text>
                    <text id="RHS">true</text>
                  </attributes>
                </behavior>
              </elseBehaviors>
            </behavior>
            <behavior id="id739629" class="CollideBehavior" enabled="true">
              <attributes>
                <text id="name">Collide</text>
                <text id="bundleName">Collide.behavior</text>
                <text id="prototypeKey">id784889</text>
                <text id="actorTag">Ground</text>
                <index id="mode">0</index>
              </attributes>
            </behavior>
            <behavior id="id182915" class="CollideBehavior" enabled="false">
              <attributes>
                <text id="name">Collide</text>
                <text id="bundleName">Collide.behavior</text>
                <text id="prototypeKey">id700840</text>
                <text id="actorTag">Ground</text>
                <index id="mode">0</index>
              </attributes>
            </behavior>
          </behaviors>
          <aspects>
            <graphics>
              <attributes>
                <boolean id="visible">true</boolean>
              </attributes>
            </graphics>
            <physics>
              <attributes>
                <boolean id="canSleep">true</boolean>
                <boolean id="betterColisions">false</boolean>
              </attributes>
            </physics>
          </aspects>
        </actor>
        <actor id="id677965" prototype="id347394">
          <attributes>
            <point id="position">
              <real id="x">2345</real>
              <real id="y">219</real>
            </point>
            <size id="size">
              <real id="width">76.8</real>
              <real id="height">72</real>
            </size>
            <angle id="rotation">0</angle>
            <image id="image" />
            <real id="id592881" name="StartX">2340</real>
            <real id="id624430" name="EndX">2715</real>
            <real id="id458761" name="Speed">50</real>
          </attributes>
          <behaviors>
            <behavior id="id314408" class="RuleBehavior" enabled="true">
              <attributes>
                <text id="name">Kill me</text>
                <text id="bundleName">Rule.behavior</text>
                <real id="compoundConditionKind">0</real>
              </attributes>
              <conditions>
                <condition id="id493573" eventType="mouse position" pluginPredicateTypeIndex="0" class="AttributeCondition">
                  <attributes>
                    <index id="conditionType">1</index>
                    <text id="subjectAttribute">game.attributes.id693125</text>
                    <text id="name">default name</text>
                  </attributes>
                  <predicate type="boolean">
                    <attributes>
                      <index id="RHS">1</index>
                    </attributes>
                  </predicate>
                </condition>
              </conditions>
              <behaviors>
                <behavior id="id797268" class="DestroyAction" enabled="true">
                  <attributes>
                    <text id="name">Destroy</text>
                    <text id="bundleName">Destroy.behavior</text>
                  </attributes>
                </behavior>
                <behavior id="id541018" class="ChangeAttributeAction" enabled="true">
                  <attributes>
                    <text id="name">Change Attribute</text>
                    <text id="bundleName">ChangeAttribute.behavior</text>
                    <text id="targetAttribute">game.attributes.id693125</text>
                    <text id="RHS">false</text>
                  </attributes>
                </behavior>
                <behavior id="id930820" class="LogDebuggingStatementAction" enabled="true">
                  <attributes>
                    <text id="name">Log Debugging Statement</text>
                    <text id="bundleName">LogDebuggingStatement.behavior</text>
                    <text id="text">
                      <expression>
                        <reference keypath="game.attributes.id693125" />
                      </expression>
                    </text>
                  </attributes>
                </behavior>
              </behaviors>
            </behavior>
            <behavior id="id717981" class="ConstrainAttributeBehavior" enabled="true">
              <attributes>
                <text id="name">Constrain Attribute</text>
                <text id="bundleName">ConstrainAttribute.behavior</text>
                <text id="targetAttribute">game.attributes.id591961</text>
                <text id="RHS">
                  <expression>
                    <reference keypath="game.attributes.id169275" />
                  </expression>
                </text>
              </attributes>
            </behavior>
            <behavior id="id555781" class="ConstrainAttributeBehavior" enabled="true">
              <attributes>
                <text id="name">Calculate Enemy Top</text>
                <text id="bundleName">ConstrainAttribute.behavior</text>
                <text id="targetAttribute">game.attributes.id169275</text>
                <text id="RHS">
                  <expression>
                    <reference keypath="self.attributes.position.y" />
                    <string xml:space="preserve"> + (</string>
                    <reference keypath="self.attributes.size.height" />
                    <string xml:space="preserve">/2)</string>
                  </expression>
                </text>
              </attributes>
            </behavior>
            <behavior id="id926048" class="ConstrainAttributeBehavior" enabled="true">
              <attributes>
                <text id="name">Detect Y</text>
                <text id="bundleName">ConstrainAttribute.behavior</text>
                <text id="targetAttribute">game.attributes.id591961</text>
                <text id="RHS">
                  <expression>
                    <reference keypath="game.attributes.id169275" />
                  </expression>
                </text>
              </attributes>
            </behavior>
            <behavior id="id726466" class="ConstrainAttributeBehavior" enabled="true">
              <attributes>
                <text id="name">Detect X</text>
                <text id="bundleName">ConstrainAttribute.behavior</text>
                <text id="targetAttribute">game.attributes.id299839</text>
                <text id="RHS">
                  <expression>
                    <reference keypath="self.attributes.position.x" />
                  </expression>
                </text>
              </attributes>
            </behavior>
            <behavior id="id241309" class="ChangeAttributeAction" enabled="true">
              <attributes>
                <text id="name">Change Attribute</text>
                <text id="bundleName">ChangeAttribute.behavior</text>
                <text id="targetAttribute">self.aspects.motion.attributes.linearVelocity.x</text>
                <text id="RHS">
                  <expression>
                    <reference keypath="self.attributes.id458761" />
                  </expression>
                </text>
              </attributes>
            </behavior>
            <behavior id="id294883" class="RuleBehavior" enabled="true">
              <attributes>
                <text id="name">Enemy Move</text>
                <text id="bundleName">Rule.behavior</text>
                <real id="compoundConditionKind">1</real>
              </attributes>
              <conditions>
                <condition id="id424408" eventType="mouse position" pluginPredicateTypeIndex="0" class="AttributeCondition">
                  <attributes>
                    <index id="conditionType">1</index>
                    <text id="subjectAttribute">self.attributes.position.x</text>
                    <text id="name">default name</text>
                  </attributes>
                  <predicate type="number">
                    <attributes>
                      <text id="operator">&gt;</text>
                      <real id="RHS">
                        <expression>
                          <reference keypath="self.attributes.id624430" />
                        </expression>
                      </real>
                    </attributes>
                  </predicate>
                </condition>
                <condition id="id237203" eventType="mouse position" pluginPredicateTypeIndex="0" class="AttributeCondition">
                  <attributes>
                    <index id="conditionType">1</index>
                    <text id="subjectAttribute">self.attributes.position.x</text>
                    <text id="name">default name</text>
                  </attributes>
                  <predicate type="number">
                    <attributes>
                      <text id="operator">&lt;</text>
                      <real id="RHS">
                        <expression>
                          <reference keypath="self.attributes.id592881" />
                        </expression>
                      </real>
                    </attributes>
                  </predicate>
                </condition>
              </conditions>
              <behaviors>
                <behavior id="id333777" class="ChangeAttributeAction" enabled="true">
                  <attributes>
                    <text id="name">Change Attribute</text>
                    <text id="bundleName">ChangeAttribute.behavior</text>
                    <text id="targetAttribute">self.aspects.motion.attributes.linearVelocity.x</text>
                    <text id="RHS">
                      <expression>
                        <string xml:space="preserve">-(</string>
                        <reference keypath="self.aspects.motion.attributes.linearVelocity.x" />
                        <string xml:space="preserve">)</string>
                      </expression>
                    </text>
                  </attributes>
                </behavior>
              </behaviors>
            </behavior>
            <behavior id="id711106" class="AnimateBehavior" enabled="true">
              <attributes>
                <text id="name">Animate</text>
                <text id="bundleName">Animate.behavior</text>
                <text id="images">Enemy_1.2_small@3x	Enemy_1.1_small</text>
                <index id="speed">10</index>
                <boolean id="loop">true</boolean>
                <boolean id="restoreActorImage">true</boolean>
                <text id="currentFrameAttribute" />
              </attributes>
            </behavior>
            <behavior id="id970108" class="AccelerateBehavior" enabled="true">
              <attributes>
                <text id="name">Gravity</text>
                <text id="bundleName">Accelerate.behavior</text>
                <angle id="direction">270</angle>
                <index id="space">1</index>
                <real id="acceleration">1000</real>
              </attributes>
            </behavior>
            <behavior id="id399890" class="CollideBehavior" enabled="true">
              <attributes>
                <text id="name">Collide</text>
                <text id="bundleName">Collide.behavior</text>
                <text id="prototypeKey">id700840</text>
                <text id="actorTag">Ground</text>
                <index id="mode">0</index>
              </attributes>
            </behavior>
            <behavior id="id139953" class="RuleBehavior" enabled="false">
              <attributes>
                <text id="name">Enemy Flip horizontal</text>
                <text id="bundleName">Rule.behavior</text>
                <real id="compoundConditionKind">0</real>
              </attributes>
              <conditions>
                <condition id="id951767" eventType="mouse position" pluginPredicateTypeIndex="0" class="AttributeCondition">
                  <attributes>
                    <index id="conditionType">1</index>
                    <text id="subjectAttribute">self.aspects.motion.attributes.linearVelocity.x</text>
                    <text id="name">default name</text>
                  </attributes>
                  <predicate type="number">
                    <attributes>
                      <text id="operator">&gt;</text>
                      <real id="RHS">0</real>
                    </attributes>
                  </predicate>
                </condition>
              </conditions>
              <behaviors>
                <behavior id="id543000" class="ChangeAttributeAction" enabled="true">
                  <attributes>
                    <text id="name">Change Attribute</text>
                    <text id="bundleName">ChangeAttribute.behavior</text>
                    <text id="targetAttribute">self.aspects.graphics.attributes.flipHorizontally</text>
                    <text id="RHS">true</text>
                  </attributes>
                </behavior>
              </behaviors>
              <elseBehaviors>
                <behavior id="id685782" class="ChangeAttributeAction" enabled="true">
                  <attributes>
                    <text id="name">Change Attribute</text>
                    <text id="bundleName">ChangeAttribute.behavior</text>
                    <text id="targetAttribute">self.aspects.graphics.attributes.flipHorizontally</text>
                    <text id="RHS">true</text>
                  </attributes>
                </behavior>
              </elseBehaviors>
            </behavior>
            <behavior id="id322618" class="CollideBehavior" enabled="true">
              <attributes>
                <text id="name">Collide</text>
                <text id="bundleName">Collide.behavior</text>
                <text id="prototypeKey">id784889</text>
                <text id="actorTag">Ground</text>
                <index id="mode">0</index>
              </attributes>
            </behavior>
          </behaviors>
          <aspects />
        </actor>
      </actors>
      <attributes>
        <text id="name">Background</text>
        <boolean id="scrollable">true</boolean>
      </attributes>
    </layer>
  </layers>
  <attributes>
    <text id="name">Level 1</text>
    <real id="time">0</real>
    <size id="size">
      <real id="width">6000</real>
      <real id="height">700</real>
    </size>
    <boolean id="wrapX">false</boolean>
    <boolean id="wrapY">false</boolean>
    <point id="gravity">
      <real id="x">0</real>
      <real id="y">0</real>
    </point>
    <color id="color">
      <real id="red">0</real>
      <real id="green">0</real>
      <real id="blue">0</real>
      <real id="alpha">1</real>
    </color>
    <rect id="camera">
      <point id="origin">
        <real id="x">0</real>
        <real id="y">19.1999999999999</real>
      </point>
      <size id="size">
        <real id="width">667</real>
        <real id="height">375</real>
      </size>
      <size id="trackingArea">
        <real id="width">0</real>
        <real id="height">0</real>
      </size>
      <real id="rotation">0</real>
    </rect>
    <attributes id="autorotate">
      <boolean id="landscapeLeft">true</boolean>
      <boolean id="portrait">false</boolean>
      <boolean id="landscapeRight">false</boolean>
      <boolean id="portraitUpsideDown">false</boolean>
    </attributes>
  </attributes>
</scene>