<?xml version="1.0" encoding="utf-8"?>
<scene PGFVersion="0.25" GSCVersion="1.25.6227" id="id185454">
  <layers>
    <layer id="id974820">
      <actors>
        <actor id="id829189" prototype="id201447">
          <attributes>
            <point id="position">
              <real id="x">334</real>
              <real id="y">186</real>
            </point>
            <size id="size">
              <real id="width">667</real>
              <real id="height">375</real>
            </size>
            <angle id="rotation">0</angle>
            <image id="image">Score-board</image>
          </attributes>
          <aspects />
        </actor>
        <actor id="id412970" prototype="id716315">
          <attributes>
            <point id="position">
              <real id="x">322</real>
              <real id="y">167</real>
            </point>
            <size id="size">
              <real id="width">50</real>
              <real id="height">30</real>
            </size>
            <angle id="rotation">0</angle>
          </attributes>
          <aspects />
        </actor>
        <actor id="id363437" prototype="id533637">
          <attributes>
            <point id="position">
              <real id="x">401</real>
              <real id="y">166</real>
            </point>
            <size id="size">
              <real id="width">50</real>
              <real id="height">30</real>
            </size>
            <angle id="rotation">0</angle>
          </attributes>
          <aspects />
        </actor>
        <actor id="id569212" prototype="id527184">
          <attributes>
            <point id="position">
              <real id="x">335</real>
              <real id="y">129</real>
            </point>
            <size id="size">
              <real id="width">76</real>
              <real id="height">32</real>
            </size>
            <angle id="rotation">0</angle>
          </attributes>
          <aspects />
        </actor>
        <actor id="id938108" prototype="id775256">
          <attributes>
            <point id="position">
              <real id="x">486</real>
              <real id="y">88</real>
            </point>
            <size id="size">
              <real id="width">135</real>
              <real id="height">128</real>
            </size>
            <angle id="rotation">0</angle>
            <image id="image">Space_Age_-_replay</image>
          </attributes>
          <behaviors>
            <behavior id="id823734" class="RuleBehavior" enabled="true">
              <attributes>
                <text id="name">Rule</text>
                <text id="bundleName">Rule.behavior</text>
                <real id="compoundConditionKind">0</real>
              </attributes>
              <conditions>
                <condition id="id428097" eventType="touch" pluginPredicateTypeIndex="0" class="Touch">
                  <attributes>
                    <text id="name">default name</text>
                    <index id="conditionType">0</index>
                  </attributes>
                  <predicate type="touch" conditionType="pressed">
                    <attributes />
                  </predicate>
                </condition>
              </conditions>
              <behaviors>
                <behavior id="id455807" class="ChangeSceneAction" enabled="true">
                  <attributes>
                    <text id="name">Change Scene</text>
                    <text id="bundleName">ChangeScene.behavior</text>
                    <text id="sceneKey">id630038</text>
                    <index id="enableAdvertisement">0</index>
                    <index id="index">1</index>
                  </attributes>
                </behavior>
                <behavior id="id884182" class="ChangeAttributeAction" enabled="true">
                  <attributes>
                    <text id="name">Change Attribute</text>
                    <text id="bundleName">ChangeAttribute.behavior</text>
                    <text id="targetAttribute">game.attributes.id410366</text>
                    <text id="RHS">
                      <expression>
                        <reference keypath="game.attributes.id247188" />
                      </expression>
                    </text>
                  </attributes>
                </behavior>
                <behavior id="id126871" class="ChangeAttributeAction" enabled="true">
                  <attributes>
                    <text id="name">Change Attribute</text>
                    <text id="bundleName">ChangeAttribute.behavior</text>
                    <text id="targetAttribute">game.attributes.id391305</text>
                    <text id="RHS">
                      <expression>
                        <reference keypath="game.attributes.id830765" />
                      </expression>
                    </text>
                  </attributes>
                </behavior>
              </behaviors>
            </behavior>
            <behavior id="id306937" class="RuleBehavior" enabled="true">
              <attributes>
                <text id="name">Rule</text>
                <text id="bundleName">Rule.behavior</text>
                <real id="compoundConditionKind">0</real>
              </attributes>
              <conditions>
                <condition id="id993141" eventType="touch" pluginPredicateTypeIndex="0" class="Touch">
                  <attributes>
                    <text id="name">default name</text>
                    <index id="conditionType">0</index>
                  </attributes>
                  <predicate type="touch" conditionType="pressed">
                    <attributes />
                  </predicate>
                </condition>
              </conditions>
              <behaviors>
                <behavior id="id737564" class="ChangeSceneAction" enabled="true">
                  <attributes>
                    <text id="name">Change Scene</text>
                    <text id="bundleName">ChangeScene.behavior</text>
                    <text id="sceneKey">id630038</text>
                    <index id="enableAdvertisement">0</index>
                    <index id="index">1</index>
                  </attributes>
                </behavior>
              </behaviors>
            </behavior>
          </behaviors>
          <aspects />
        </actor>
        <actor id="id233737" prototype="id840255">
          <attributes>
            <point id="position">
              <real id="x">191</real>
              <real id="y">88</real>
            </point>
            <size id="size">
              <real id="width">135</real>
              <real id="height">128</real>
            </size>
            <angle id="rotation">0</angle>
          </attributes>
          <aspects />
        </actor>
      </actors>
      <attributes>
        <text id="name">Background</text>
        <boolean id="scrollable">true</boolean>
      </attributes>
    </layer>
  </layers>
  <attributes>
    <text id="name">Death Screen 2</text>
    <real id="time">0</real>
    <size id="size">
      <real id="width">667</real>
      <real id="height">375</real>
    </size>
    <boolean id="wrapX">false</boolean>
    <boolean id="wrapY">false</boolean>
    <point id="gravity">
      <real id="x">0</real>
      <real id="y">0</real>
    </point>
    <color id="color">
      <real id="red">0</real>
      <real id="green">0</real>
      <real id="blue">0</real>
      <real id="alpha">1</real>
    </color>
    <rect id="camera">
      <point id="origin">
        <real id="x">0</real>
        <real id="y">0</real>
      </point>
      <size id="size">
        <real id="width">667</real>
        <real id="height">375</real>
      </size>
      <size id="trackingArea">
        <real id="width">587</real>
        <real id="height">315</real>
      </size>
      <real id="rotation">0</real>
    </rect>
    <attributes id="autorotate">
      <boolean id="landscapeLeft">true</boolean>
      <boolean id="portrait">false</boolean>
      <boolean id="landscapeRight">false</boolean>
      <boolean id="portraitUpsideDown">false</boolean>
    </attributes>
  </attributes>
</scene>