<?xml version="1.0" encoding="utf-8"?>
<actor id="id784889" PGFVersion="0.25" GSCVersion="1.25.6227">
  <attributes>
    <text id="name">Player</text>
    <real id="time">0</real>
    <point id="position">
      <real id="x">0</real>
      <real id="y">0</real>
    </point>
    <size id="size">
      <real id="width">128</real>
      <real id="height">128</real>
    </size>
    <angle id="rotation">0</angle>
    <color id="color">
      <real id="red">1</real>
      <real id="green">1</real>
      <real id="blue">1</real>
      <real id="alpha">1</real>
    </color>
    <image id="image">Flat-Platform-1</image>
    <text id="tags" />
    <boolean id="preloadArt">true</boolean>
    <boolean id="id583529" name="Jump">false</boolean>
    <boolean id="id657270" name="Turn_right">true</boolean>
  </attributes>
  <behaviors>
    <behavior id="id376054" class="ConstrainAttributeBehavior" enabled="true">
      <attributes>
        <text id="name">Calculate Player Bottom</text>
        <text id="bundleName">ConstrainAttribute.behavior</text>
        <text id="targetAttribute">game.attributes.id495270</text>
        <text id="RHS">
          <expression>
            <reference keypath="self.attributes.position.y" />
            <string xml:space="preserve"> - (</string>
            <reference keypath="self.attributes.size.height" />
            <string xml:space="preserve">/2)</string>
          </expression>
        </text>
      </attributes>
    </behavior>
    <behavior id="id752178" class="ConstrainAttributeBehavior" enabled="true">
      <attributes>
        <text id="name">player X position</text>
        <text id="bundleName">ConstrainAttribute.behavior</text>
        <text id="targetAttribute">game.attributes.id779108</text>
        <text id="RHS">
          <expression>
            <reference keypath="self.attributes.position.x" />
          </expression>
        </text>
      </attributes>
    </behavior>
    <behavior id="id422055" class="AccelerateBehavior" enabled="true">
      <attributes>
        <text id="name">Gravity</text>
        <text id="bundleName">Accelerate.behavior</text>
        <angle id="direction">270</angle>
        <index id="space">1</index>
        <real id="acceleration">800</real>
      </attributes>
    </behavior>
    <behavior id="id539154" class="ControlCameraBehavior" enabled="true">
      <attributes>
        <text id="name">Control Camera</text>
        <text id="bundleName">ControlCamera.behavior</text>
      </attributes>
    </behavior>
    <behavior id="id441549" class="CollideBehavior" enabled="true">
      <attributes>
        <text id="name">Collide with platform</text>
        <text id="bundleName">Collide.behavior</text>
        <text id="prototypeKey">id700840</text>
        <text id="actorTag">Ground</text>
        <index id="mode">0</index>
      </attributes>
    </behavior>
    <behavior id="id970838" class="RuleBehavior" enabled="true">
      <attributes>
        <text id="name">Jump</text>
        <text id="bundleName">Rule.behavior</text>
        <real id="compoundConditionKind">0</real>
      </attributes>
      <conditions>
        <condition id="id212360" eventType="overlaps or collides" pluginPredicateTypeIndex="0" class="Collision">
          <attributes>
            <text id="name">default name</text>
            <index id="conditionType">0</index>
          </attributes>
          <predicate type="collision">
            <attributes>
              <text id="prototypeKey">id700840</text>
              <text id="actorTag">Platforms</text>
              <real id="mode">1</real>
            </attributes>
          </predicate>
        </condition>
        <condition id="id332065" eventType="mouse button" pluginPredicateTypeIndex="0" class="MouseButton">
          <attributes>
            <text id="name">default name</text>
            <index id="conditionType">0</index>
          </attributes>
          <predicate type="mouse" mouseState="down">
            <attributes />
          </predicate>
        </condition>
      </conditions>
      <behaviors>
        <behavior id="id318278" class="ChangeAttributeAction" enabled="true">
          <attributes>
            <text id="name">Change Attribute</text>
            <text id="bundleName">ChangeAttribute.behavior</text>
            <text id="targetAttribute">self.aspects.motion.attributes.linearVelocity.y</text>
            <text id="RHS">400</text>
          </attributes>
        </behavior>
        <behavior id="id668050" class="ChangeAttributeAction" enabled="true">
          <attributes>
            <text id="name">Change Attribute</text>
            <text id="bundleName">ChangeAttribute.behavior</text>
            <text id="targetAttribute">self.attributes.id583529</text>
            <text id="RHS">true</text>
          </attributes>
        </behavior>
      </behaviors>
    </behavior>
    <behavior id="id646423" class="CompoundBehavior" enabled="true">
      <attributes>
        <text id="name">Direction Change Functionality</text>
        <text id="bundleName">Group.behavior</text>
        <boolean id="runOnce">false</boolean>
        <boolean id="runSequentially">false</boolean>
      </attributes>
      <behaviors>
        <behavior id="id560464" class="TimerBehavior" enabled="true">
          <attributes>
            <text id="name">Timer</text>
            <text id="bundleName">Timer.behavior</text>
            <index id="timerType">0</index>
            <real id="interval">0</real>
            <boolean id="runToCompletion">false</boolean>
          </attributes>
          <behaviors>
            <behavior id="id457845" class="RuleBehavior" enabled="true">
              <attributes>
                <text id="name">Change to left</text>
                <text id="bundleName">Rule.behavior</text>
                <real id="compoundConditionKind">0</real>
              </attributes>
              <conditions>
                <condition id="id287303" eventType="overlaps or collides" pluginPredicateTypeIndex="0" class="Collision">
                  <attributes>
                    <text id="name">default name</text>
                    <index id="conditionType">0</index>
                  </attributes>
                  <predicate type="collision">
                    <attributes>
                      <text id="prototypeKey">id206770</text>
                      <text id="actorTag">Direction_change_platforms</text>
                      <real id="mode">1</real>
                    </attributes>
                  </predicate>
                </condition>
                <condition id="id461325" eventType="mouse position" pluginPredicateTypeIndex="0" class="AttributeCondition">
                  <attributes>
                    <index id="conditionType">1</index>
                    <text id="subjectAttribute">self.aspects.motion.attributes.linearVelocity.x</text>
                    <text id="name">default name</text>
                  </attributes>
                  <predicate type="number">
                    <attributes>
                      <text id="operator">&gt;</text>
                      <real id="RHS">0</real>
                    </attributes>
                  </predicate>
                </condition>
              </conditions>
              <behaviors>
                <behavior id="id478943" class="ChangeAttributeAction" enabled="true">
                  <attributes>
                    <text id="name">Change Attribute</text>
                    <text id="bundleName">ChangeAttribute.behavior</text>
                    <text id="targetAttribute">self.aspects.motion.attributes.linearVelocity.x</text>
                    <text id="RHS">-300</text>
                  </attributes>
                </behavior>
                <behavior id="id503703" class="ChangeAttributeAction" enabled="true">
                  <attributes>
                    <text id="name">Change Attribute</text>
                    <text id="bundleName">ChangeAttribute.behavior</text>
                    <text id="targetAttribute">self.aspects.graphics.attributes.flipHorizontally</text>
                    <text id="RHS">1</text>
                  </attributes>
                </behavior>
                <behavior id="id712506" class="ChangeAttributeAction" enabled="true">
                  <attributes>
                    <text id="name">Change Attribute</text>
                    <text id="bundleName">ChangeAttribute.behavior</text>
                    <text id="targetAttribute">self.attributes.id657270</text>
                    <text id="RHS">false</text>
                  </attributes>
                </behavior>
              </behaviors>
              <elseBehaviors>
                <behavior id="id234412" class="ChangeAttributeAction" enabled="false">
                  <attributes>
                    <text id="name">Change Attribute</text>
                    <text id="bundleName">ChangeAttribute.behavior</text>
                    <text id="targetAttribute">self.aspects.motion.attributes.linearVelocity.x</text>
                    <text id="RHS">300</text>
                  </attributes>
                </behavior>
                <behavior id="id602326" class="ChangeAttributeAction" enabled="false">
                  <attributes>
                    <text id="name">Change Attribute</text>
                    <text id="bundleName">ChangeAttribute.behavior</text>
                    <text id="targetAttribute">self.aspects.graphics.attributes.flipHorizontally</text>
                    <text id="RHS">0</text>
                  </attributes>
                </behavior>
                <behavior id="id503068" class="ChangeAttributeAction" enabled="false">
                  <attributes>
                    <text id="name">Change Attribute</text>
                    <text id="bundleName">ChangeAttribute.behavior</text>
                    <text id="targetAttribute">self.attributes.id695548</text>
                    <text id="RHS">true</text>
                  </attributes>
                </behavior>
              </elseBehaviors>
            </behavior>
            <behavior id="id631899" class="RuleBehavior" enabled="true">
              <attributes>
                <text id="name">Change to right</text>
                <text id="bundleName">Rule.behavior</text>
                <real id="compoundConditionKind">0</real>
              </attributes>
              <conditions>
                <condition id="id559657" eventType="overlaps or collides" pluginPredicateTypeIndex="0" class="Collision">
                  <attributes>
                    <text id="name">default name</text>
                    <index id="conditionType">0</index>
                  </attributes>
                  <predicate type="collision">
                    <attributes>
                      <text id="prototypeKey">id206770</text>
                      <text id="actorTag">Direction_change_platforms</text>
                      <real id="mode">1</real>
                    </attributes>
                  </predicate>
                </condition>
                <condition id="id463258" eventType="mouse position" pluginPredicateTypeIndex="0" class="AttributeCondition">
                  <attributes>
                    <index id="conditionType">1</index>
                    <text id="subjectAttribute">self.aspects.motion.attributes.linearVelocity.x</text>
                    <text id="name">default name</text>
                  </attributes>
                  <predicate type="number">
                    <attributes>
                      <text id="operator">&lt;</text>
                      <real id="RHS">0</real>
                    </attributes>
                  </predicate>
                </condition>
              </conditions>
              <behaviors>
                <behavior id="id620055" class="ChangeAttributeAction" enabled="true">
                  <attributes>
                    <text id="name">Change Attribute</text>
                    <text id="bundleName">ChangeAttribute.behavior</text>
                    <text id="targetAttribute">self.aspects.motion.attributes.linearVelocity.x</text>
                    <text id="RHS">300</text>
                  </attributes>
                </behavior>
                <behavior id="id487407" class="ChangeAttributeAction" enabled="true">
                  <attributes>
                    <text id="name">Change Attribute</text>
                    <text id="bundleName">ChangeAttribute.behavior</text>
                    <text id="targetAttribute">self.aspects.graphics.attributes.flipHorizontally</text>
                    <text id="RHS">0</text>
                  </attributes>
                </behavior>
                <behavior id="id433567" class="ChangeAttributeAction" enabled="true">
                  <attributes>
                    <text id="name">Change Attribute</text>
                    <text id="bundleName">ChangeAttribute.behavior</text>
                    <text id="targetAttribute">self.attributes.id657270</text>
                    <text id="RHS">true</text>
                  </attributes>
                </behavior>
              </behaviors>
            </behavior>
          </behaviors>
        </behavior>
      </behaviors>
    </behavior>
    <behavior id="id312209" class="CollideBehavior" enabled="true">
      <attributes>
        <text id="name">Collide</text>
        <text id="bundleName">Collide.behavior</text>
        <text id="prototypeKey">id206770</text>
        <text id="actorTag">Direction_change_platforms</text>
        <index id="mode">1</index>
      </attributes>
    </behavior>
    <behavior id="id635163" class="RuleBehavior" enabled="false">
      <attributes>
        <text id="name">move Right</text>
        <text id="bundleName">Rule.behavior</text>
        <real id="compoundConditionKind">0</real>
      </attributes>
      <conditions>
        <condition id="id502090" eventType="key" pluginPredicateTypeIndex="0" class="Key">
          <attributes>
            <text id="name">default name</text>
            <index id="conditionType">0</index>
          </attributes>
          <predicate type="key">
            <attributes>
              <text id="mode">down</text>
              <text id="keyString">right</text>
            </attributes>
          </predicate>
        </condition>
      </conditions>
      <behaviors>
        <behavior id="id401232" class="MoveBehavior" enabled="true">
          <attributes>
            <text id="name">Move</text>
            <text id="bundleName">Move.behavior</text>
            <angle id="direction">0</angle>
            <index id="space">1</index>
            <index id="moveType">0</index>
            <real id="speed">80</real>
          </attributes>
        </behavior>
      </behaviors>
    </behavior>
    <behavior id="id270893" class="RuleBehavior" enabled="false">
      <attributes>
        <text id="name">move Left</text>
        <text id="bundleName">Rule.behavior</text>
        <real id="compoundConditionKind">0</real>
      </attributes>
      <conditions>
        <condition id="id258257" eventType="key" pluginPredicateTypeIndex="0" class="Key">
          <attributes>
            <text id="name">default name</text>
            <index id="conditionType">0</index>
          </attributes>
          <predicate type="key">
            <attributes>
              <text id="mode">down</text>
              <text id="keyString">left</text>
            </attributes>
          </predicate>
        </condition>
      </conditions>
      <behaviors>
        <behavior id="id679560" class="MoveBehavior" enabled="true">
          <attributes>
            <text id="name">Move</text>
            <text id="bundleName">Move.behavior</text>
            <angle id="direction">180</angle>
            <index id="space">1</index>
            <index id="moveType">0</index>
            <real id="speed">80</real>
          </attributes>
        </behavior>
      </behaviors>
    </behavior>
    <behavior id="id628861" class="ChangeAttributeAction" enabled="true">
      <attributes>
        <text id="name">Continuous Acceleration</text>
        <text id="bundleName">ChangeAttribute.behavior</text>
        <text id="targetAttribute">self.aspects.motion.attributes.linearVelocity.x</text>
        <text id="RHS">300</text>
      </attributes>
    </behavior>
    <behavior id="id442247" class="CompoundBehavior" enabled="true">
      <attributes>
        <text id="name">Player Kill Rules</text>
        <text id="bundleName">Group.behavior</text>
        <boolean id="runOnce">false</boolean>
        <boolean id="runSequentially">false</boolean>
      </attributes>
      <behaviors>
        <behavior id="id822990" class="RuleBehavior" enabled="true">
          <attributes>
            <text id="name">Kill me by Enemy</text>
            <text id="bundleName">Rule.behavior</text>
            <real id="compoundConditionKind">0</real>
          </attributes>
          <conditions>
            <condition id="id331249" eventType="overlaps or collides" pluginPredicateTypeIndex="0" class="Collision">
              <attributes>
                <text id="name">default name</text>
                <index id="conditionType">0</index>
              </attributes>
              <predicate type="collision">
                <attributes>
                  <text id="prototypeKey">id347394</text>
                  <text id="actorTag">Enemies</text>
                  <real id="mode">0</real>
                </attributes>
              </predicate>
            </condition>
            <condition id="id453632" eventType="mouse position" pluginPredicateTypeIndex="0" class="AttributeCondition">
              <attributes>
                <index id="conditionType">1</index>
                <text id="subjectAttribute">game.attributes.id693125</text>
                <text id="name">default name</text>
              </attributes>
              <predicate type="boolean">
                <attributes>
                  <index id="RHS">0</index>
                </attributes>
              </predicate>
            </condition>
          </conditions>
          <behaviors>
            <behavior id="id652219" class="DestroyAction" enabled="true">
              <attributes>
                <text id="name">Destroy</text>
                <text id="bundleName">Destroy.behavior</text>
              </attributes>
            </behavior>
            <behavior id="id778220" class="ChangeAttributeAction" enabled="true">
              <attributes>
                <text id="name">Change Attribute</text>
                <text id="bundleName">ChangeAttribute.behavior</text>
                <text id="targetAttribute">game.attributes.id143088</text>
                <text id="RHS">true</text>
              </attributes>
            </behavior>
            <behavior id="id895818" class="RuleBehavior" enabled="true">
              <attributes>
                <text id="name">Level_switch</text>
                <text id="bundleName">Rule.behavior</text>
                <real id="compoundConditionKind">0</real>
              </attributes>
              <conditions>
                <condition id="id313602" eventType="mouse position" pluginPredicateTypeIndex="0" class="AttributeCondition">
                  <attributes>
                    <index id="conditionType">1</index>
                    <text id="subjectAttribute">game.attributes.id411404</text>
                    <text id="name">default name</text>
                  </attributes>
                  <predicate type="number">
                    <attributes>
                      <text id="operator">=</text>
                      <real id="RHS">1</real>
                    </attributes>
                  </predicate>
                </condition>
              </conditions>
              <behaviors>
                <behavior id="id602527" class="ChangeSceneAction" enabled="true">
                  <attributes>
                    <text id="name">Change Scene</text>
                    <text id="bundleName">ChangeScene.behavior</text>
                    <text id="sceneKey">id304657</text>
                    <index id="enableAdvertisement">0</index>
                    <index id="index">1</index>
                  </attributes>
                </behavior>
              </behaviors>
              <elseBehaviors>
                <behavior id="id423907" class="ChangeSceneAction" enabled="true">
                  <attributes>
                    <text id="name">Change Scene</text>
                    <text id="bundleName">ChangeScene.behavior</text>
                    <text id="sceneKey">id185454</text>
                    <index id="enableAdvertisement">0</index>
                    <index id="index">1</index>
                  </attributes>
                </behavior>
              </elseBehaviors>
            </behavior>
          </behaviors>
        </behavior>
        <behavior id="id942062" class="RuleBehavior" enabled="true">
          <attributes>
            <text id="name">Kill by falling</text>
            <text id="bundleName">Rule.behavior</text>
            <real id="compoundConditionKind">0</real>
          </attributes>
          <conditions>
            <condition id="id469442" eventType="mouse position" pluginPredicateTypeIndex="0" class="AttributeCondition">
              <attributes>
                <index id="conditionType">1</index>
                <text id="subjectAttribute">self.attributes.position.y</text>
                <text id="name">default name</text>
              </attributes>
              <predicate type="number">
                <attributes>
                  <text id="operator">&lt;</text>
                  <real id="RHS">20</real>
                </attributes>
              </predicate>
            </condition>
          </conditions>
          <behaviors>
            <behavior id="id250767" class="DestroyAction" enabled="true">
              <attributes>
                <text id="name">Destroy</text>
                <text id="bundleName">Destroy.behavior</text>
              </attributes>
            </behavior>
            <behavior id="id413211" class="ChangeAttributeAction" enabled="true">
              <attributes>
                <text id="name">Change Attribute</text>
                <text id="bundleName">ChangeAttribute.behavior</text>
                <text id="targetAttribute">game.attributes.id143088</text>
                <text id="RHS">true</text>
              </attributes>
            </behavior>
            <behavior id="id508339" class="RuleBehavior" enabled="true">
              <attributes>
                <text id="name">Level 1 switch</text>
                <text id="bundleName">Rule.behavior</text>
                <real id="compoundConditionKind">0</real>
              </attributes>
              <conditions>
                <condition id="id306973" eventType="mouse position" pluginPredicateTypeIndex="0" class="AttributeCondition">
                  <attributes>
                    <index id="conditionType">1</index>
                    <text id="subjectAttribute">game.attributes.id411404</text>
                    <text id="name">default name</text>
                  </attributes>
                  <predicate type="number">
                    <attributes>
                      <text id="operator">=</text>
                      <real id="RHS">1</real>
                    </attributes>
                  </predicate>
                </condition>
              </conditions>
              <behaviors>
                <behavior id="id410447" class="ChangeSceneAction" enabled="true">
                  <attributes>
                    <text id="name">Change Scene</text>
                    <text id="bundleName">ChangeScene.behavior</text>
                    <text id="sceneKey">id304657</text>
                    <index id="enableAdvertisement">0</index>
                    <index id="index">1</index>
                  </attributes>
                </behavior>
              </behaviors>
              <elseBehaviors>
                <behavior id="id179516" class="ChangeSceneAction" enabled="true">
                  <attributes>
                    <text id="name">Change Scene</text>
                    <text id="bundleName">ChangeScene.behavior</text>
                    <text id="sceneKey">id185454</text>
                    <index id="enableAdvertisement">0</index>
                    <index id="index">1</index>
                  </attributes>
                </behavior>
              </elseBehaviors>
            </behavior>
          </behaviors>
        </behavior>
      </behaviors>
    </behavior>
    <behavior id="id137235" class="AnimateBehavior" enabled="true">
      <attributes>
        <text id="name">Animate</text>
        <text id="bundleName">Animate.behavior</text>
        <text id="images">Flat-Platform-1	h02	h03	h04	h03	h02	Flat-Platform-1</text>
        <index id="speed">10</index>
        <boolean id="loop">true</boolean>
        <boolean id="restoreActorImage">true</boolean>
        <text id="currentFrameAttribute" />
      </attributes>
    </behavior>
    <behavior id="id532512" class="ConstrainAttributeBehavior" enabled="true">
      <attributes>
        <text id="name">Player Y position</text>
        <text id="bundleName">ConstrainAttribute.behavior</text>
        <text id="targetAttribute">game.attributes.id517250</text>
        <text id="RHS">
          <expression>
            <reference keypath="self.attributes.position.y" />
          </expression>
        </text>
      </attributes>
    </behavior>
    <behavior id="id994832" class="RuleBehavior" enabled="true">
      <attributes>
        <text id="name">Wall Jump</text>
        <text id="bundleName">Rule.behavior</text>
        <real id="compoundConditionKind">0</real>
      </attributes>
      <conditions>
        <condition id="id336085" eventType="mouse button" pluginPredicateTypeIndex="0" class="MouseButton">
          <attributes>
            <text id="name">default name</text>
            <index id="conditionType">0</index>
          </attributes>
          <predicate type="mouse" mouseState="down">
            <attributes />
          </predicate>
        </condition>
        <condition id="id290904" eventType="mouse position" pluginPredicateTypeIndex="0" class="AttributeCondition">
          <attributes>
            <index id="conditionType">1</index>
            <text id="subjectAttribute">self.aspects.motion.attributes.linearVelocity.x</text>
            <text id="name">default name</text>
          </attributes>
          <predicate type="number">
            <attributes>
              <text id="operator">=</text>
              <real id="RHS">0</real>
            </attributes>
          </predicate>
        </condition>
      </conditions>
      <behaviors>
        <behavior id="id243799" class="ChangeAttributeAction" enabled="true">
          <attributes>
            <text id="name">Change Attribute</text>
            <text id="bundleName">ChangeAttribute.behavior</text>
            <text id="targetAttribute">self.aspects.motion.attributes.linearVelocity.y</text>
            <text id="RHS">400</text>
          </attributes>
        </behavior>
      </behaviors>
    </behavior>
    <behavior id="id154801" class="RuleBehavior" enabled="true">
      <attributes>
        <text id="name">Jump animation</text>
        <text id="bundleName">Rule.behavior</text>
        <real id="compoundConditionKind">0</real>
      </attributes>
      <conditions>
        <condition id="id336291" eventType="mouse position" pluginPredicateTypeIndex="0" class="AttributeCondition">
          <attributes>
            <index id="conditionType">1</index>
            <text id="subjectAttribute">self.attributes.id583529</text>
            <text id="name">default name</text>
          </attributes>
          <predicate type="boolean">
            <attributes>
              <index id="RHS">1</index>
            </attributes>
          </predicate>
        </condition>
      </conditions>
      <behaviors>
        <behavior id="id401879" class="AnimateBehavior" enabled="true">
          <attributes>
            <text id="name">Animate</text>
            <text id="bundleName">Animate.behavior</text>
            <text id="images">h02	Jump	Fall</text>
            <index id="speed">1</index>
            <boolean id="loop">false</boolean>
            <boolean id="restoreActorImage">true</boolean>
            <text id="currentFrameAttribute" />
          </attributes>
        </behavior>
      </behaviors>
    </behavior>
    <behavior id="id100369" class="RuleBehavior" enabled="true">
      <attributes>
        <text id="name">Stop Animation</text>
        <text id="bundleName">Rule.behavior</text>
        <real id="compoundConditionKind">0</real>
      </attributes>
      <conditions>
        <condition id="id876515" eventType="overlaps or collides" pluginPredicateTypeIndex="0" class="Collision">
          <attributes>
            <text id="name">default name</text>
            <index id="conditionType">0</index>
          </attributes>
          <predicate type="collision">
            <attributes>
              <text id="prototypeKey">id700840</text>
              <text id="actorTag" />
              <real id="mode">0</real>
            </attributes>
          </predicate>
        </condition>
      </conditions>
      <behaviors>
        <behavior id="id891705" class="ChangeAttributeAction" enabled="true">
          <attributes>
            <text id="name">Change Attribute</text>
            <text id="bundleName">ChangeAttribute.behavior</text>
            <text id="targetAttribute">self.attributes.id583529</text>
            <text id="RHS">false</text>
          </attributes>
        </behavior>
      </behaviors>
    </behavior>
    <behavior id="id773875" class="RuleBehavior" enabled="true">
      <attributes>
        <text id="name">Instruction_popup</text>
        <text id="bundleName">Rule.behavior</text>
        <real id="compoundConditionKind">0</real>
      </attributes>
      <conditions>
        <condition id="id613498" eventType="mouse position" pluginPredicateTypeIndex="0" class="AttributeCondition">
          <attributes>
            <index id="conditionType">1</index>
            <text id="subjectAttribute">game.attributes.id706962</text>
            <text id="name">default name</text>
          </attributes>
          <predicate type="boolean">
            <attributes>
              <index id="RHS">1</index>
            </attributes>
          </predicate>
        </condition>
      </conditions>
      <behaviors>
        <behavior id="id791454" class="RuleBehavior" enabled="true">
          <attributes>
            <text id="name">Instruction Stop</text>
            <text id="bundleName">Rule.behavior</text>
            <real id="compoundConditionKind">0</real>
          </attributes>
          <conditions>
            <condition id="id151235" eventType="overlaps or collides" pluginPredicateTypeIndex="0" class="Collision">
              <attributes>
                <text id="name">default name</text>
                <index id="conditionType">0</index>
              </attributes>
              <predicate type="collision">
                <attributes>
                  <text id="prototypeKey">id167971</text>
                  <text id="actorTag" />
                  <real id="mode">0</real>
                </attributes>
              </predicate>
            </condition>
          </conditions>
          <behaviors>
            <behavior id="id881265" class="TimerBehavior" enabled="true">
              <attributes>
                <text id="name">Timer</text>
                <text id="bundleName">Timer.behavior</text>
                <index id="timerType">2</index>
                <real id="interval">2</real>
                <boolean id="runToCompletion">true</boolean>
              </attributes>
              <behaviors>
                <behavior id="id175826" class="ChangeAttributeAction" enabled="true">
                  <attributes>
                    <text id="name">Change Attribute</text>
                    <text id="bundleName">ChangeAttribute.behavior</text>
                    <text id="targetAttribute">self.aspects.motion.attributes.linearVelocity.x</text>
                    <text id="RHS">0</text>
                  </attributes>
                </behavior>
                <behavior id="id996847" class="ConstrainAttributeBehavior" enabled="false">
                  <attributes>
                    <text id="name">Constrain Attribute</text>
                    <text id="bundleName">ConstrainAttribute.behavior</text>
                    <text id="targetAttribute">self.aspects.motion.attributes.linearVelocity.x</text>
                    <text id="RHS">0</text>
                  </attributes>
                </behavior>
              </behaviors>
            </behavior>
            <behavior id="id215586" class="TimerBehavior" enabled="true">
              <attributes>
                <text id="name">Timer</text>
                <text id="bundleName">Timer.behavior</text>
                <index id="timerType">1</index>
                <real id="interval">2</real>
                <boolean id="runToCompletion">true</boolean>
              </attributes>
              <behaviors>
                <behavior id="id215475" class="ChangeAttributeAction" enabled="true">
                  <attributes>
                    <text id="name">Change Attribute</text>
                    <text id="bundleName">ChangeAttribute.behavior</text>
                    <text id="targetAttribute">self.aspects.motion.attributes.linearVelocity.x</text>
                    <text id="RHS">300</text>
                  </attributes>
                </behavior>
              </behaviors>
            </behavior>
          </behaviors>
        </behavior>
      </behaviors>
    </behavior>
    <behavior id="id274547" class="CollideBehavior" enabled="false">
      <attributes>
        <text id="name">Collide</text>
        <text id="bundleName">Collide.behavior</text>
        <text id="prototypeKey">id610722</text>
        <text id="actorTag">Ground</text>
        <index id="mode">0</index>
      </attributes>
    </behavior>
  </behaviors>
  <aspects>
    <graphics>
      <attributes>
        <boolean id="visible">true</boolean>
        <enumeration id="blendingMode">0</enumeration>
        <enumeration id="horizontalWrap">0</enumeration>
        <enumeration id="verticalWrap">0</enumeration>
        <enumeration id="horizontalAnchor">0</enumeration>
        <enumeration id="verticalAnchor">0</enumeration>
        <boolean id="flipHorizontally">false</boolean>
        <boolean id="flipVertically">false</boolean>
        <integer id="tileWidth" name="tileWidth">408</integer>
        <integer id="tileHeight" name="tileHeight">358</integer>
      </attributes>
    </graphics>
    <motion>
      <attributes>
        <point id="linearVelocity">
          <real id="x">0</real>
          <real id="y">0</real>
        </point>
        <point id="centerOfMass">
          <real id="x">0</real>
          <real id="y">0</real>
        </point>
        <real id="angularVelocity">0</real>
        <real id="maxSpeed">0</real>
        <boolean id="applyMaxSpeed">false</boolean>
        <boolean id="pin">false</boolean>
      </attributes>
    </motion>
    <physics>
      <attributes>
        <real id="density">0</real>
        <real id="friction">0</real>
        <real id="restitution">0</real>
        <boolean id="fixedRotation">false</boolean>
        <boolean id="movable">true</boolean>
        <enumeration id="collisionShape">0</enumeration>
        <real id="drag">0</real>
        <real id="angularDrag">0</real>
        <boolean id="canSleep">true</boolean>
        <boolean id="betterColisions">false</boolean>
      </attributes>
    </physics>
  </aspects>
</actor>