<?xml version="1.0" encoding="utf-8"?>
<actor id="id601101" PGFVersion="0.25" GSCVersion="1.25.6227">
  <attributes>
    <text id="name">ScreenShakeActor</text>
    <real id="time">0</real>
    <point id="position">
      <real id="x">0</real>
      <real id="y">0</real>
    </point>
    <size id="size">
      <real id="width">120</real>
      <real id="height">120</real>
    </size>
    <angle id="rotation">0</angle>
    <color id="color">
      <real id="red">1</real>
      <real id="green">1</real>
      <real id="blue">1</real>
      <real id="alpha">1</real>
    </color>
    <image id="image" />
    <text id="tags" />
    <boolean id="preloadArt">true</boolean>
    <integer id="id184471" name="ScreenShakeY">0</integer>
    <integer id="id970591" name="ScreenShakeX">0</integer>
  </attributes>
  <behaviors>
    <behavior id="id851282" class="RuleBehavior" enabled="true">
      <attributes>
        <text id="name">Rule</text>
        <text id="bundleName">Rule.behavior</text>
        <real id="compoundConditionKind">0</real>
      </attributes>
      <conditions>
        <condition id="id482333" eventType="mouse position" pluginPredicateTypeIndex="0" class="AttributeCondition">
          <attributes>
            <index id="conditionType">1</index>
            <text id="subjectAttribute">game.attributes.id552193</text>
            <text id="name">default name</text>
          </attributes>
          <predicate type="boolean">
            <attributes>
              <index id="RHS">1</index>
            </attributes>
          </predicate>
        </condition>
      </conditions>
      <behaviors>
        <behavior id="id138520" class="ChangeAttributeAction" enabled="true">
          <attributes>
            <text id="name">Change Attribute</text>
            <text id="bundleName">ChangeAttribute.behavior</text>
            <text id="targetAttribute">self.attributes.id184471</text>
            <text id="RHS">0.2</text>
          </attributes>
        </behavior>
        <behavior id="id737929" class="TimerBehavior" enabled="true">
          <attributes>
            <text id="name">Timer</text>
            <text id="bundleName">Timer.behavior</text>
            <index id="timerType">0</index>
            <real id="interval">0.1</real>
            <boolean id="runToCompletion">true</boolean>
          </attributes>
          <behaviors>
            <behavior id="id743662" class="ChangeAttributeAction" enabled="true">
              <attributes>
                <text id="name">Change Attribute</text>
                <text id="bundleName">ChangeAttribute.behavior</text>
                <text id="targetAttribute">self.attributes.id184471</text>
                <text id="RHS">
                  <expression>
                    <string xml:space="preserve">-1*</string>
                    <reference keypath="self.attributes.id184471" />
                  </expression>
                </text>
              </attributes>
            </behavior>
            <behavior id="id107051" class="ChangeAttributeAction" enabled="true">
              <attributes>
                <text id="name">Change Attribute</text>
                <text id="bundleName">ChangeAttribute.behavior</text>
                <text id="targetAttribute">scene.attributes.camera.origin.y</text>
                <text id="RHS">
                  <expression>
                    <reference keypath="self.attributes.id184471" />
                  </expression>
                </text>
              </attributes>
            </behavior>
          </behaviors>
        </behavior>
        <behavior id="id172639" class="TimerBehavior" enabled="true">
          <attributes>
            <text id="name">Timer</text>
            <text id="bundleName">Timer.behavior</text>
            <index id="timerType">1</index>
            <real id="interval">0.1</real>
            <boolean id="runToCompletion">true</boolean>
          </attributes>
          <behaviors>
            <behavior id="id788310" class="ChangeAttributeAction" enabled="true">
              <attributes>
                <text id="name">Change Attribute</text>
                <text id="bundleName">ChangeAttribute.behavior</text>
                <text id="targetAttribute">game.attributes.id552193</text>
                <text id="RHS">false</text>
              </attributes>
            </behavior>
          </behaviors>
        </behavior>
      </behaviors>
    </behavior>
    <behavior id="id631627" class="RuleBehavior" enabled="true">
      <attributes>
        <text id="name">Rule</text>
        <text id="bundleName">Rule.behavior</text>
        <real id="compoundConditionKind">0</real>
      </attributes>
      <conditions>
        <condition id="id706892" eventType="mouse position" pluginPredicateTypeIndex="0" class="AttributeCondition">
          <attributes>
            <index id="conditionType">1</index>
            <text id="subjectAttribute">game.attributes.id552193</text>
            <text id="name">default name</text>
          </attributes>
          <predicate type="boolean">
            <attributes>
              <index id="RHS">1</index>
            </attributes>
          </predicate>
        </condition>
      </conditions>
      <behaviors>
        <behavior id="id254091" class="ConstrainAttributeBehavior" enabled="true">
          <attributes>
            <text id="name">Constrain Attribute</text>
            <text id="bundleName">ConstrainAttribute.behavior</text>
            <text id="targetAttribute">self.attributes.position.x</text>
            <text id="RHS">
              <expression>
                <reference keypath="self.attributes.position.x" />
                <string xml:space="preserve"> + 10</string>
              </expression>
            </text>
          </attributes>
        </behavior>
      </behaviors>
      <elseBehaviors>
        <behavior id="id761284" class="ConstrainAttributeBehavior" enabled="true">
          <attributes>
            <text id="name">Constrain Attribute</text>
            <text id="bundleName">ConstrainAttribute.behavior</text>
            <text id="targetAttribute">self.attributes.position.x</text>
            <text id="RHS">
              <expression>
                <reference keypath="game.attributes.id779108" />
              </expression>
            </text>
          </attributes>
        </behavior>
      </elseBehaviors>
    </behavior>
  </behaviors>
  <aspects>
    <graphics>
      <attributes>
        <boolean id="visible">false</boolean>
        <enumeration id="blendingMode">0</enumeration>
        <enumeration id="horizontalWrap">0</enumeration>
        <enumeration id="verticalWrap">0</enumeration>
        <enumeration id="horizontalAnchor">0</enumeration>
        <enumeration id="verticalAnchor">0</enumeration>
        <boolean id="flipHorizontally">false</boolean>
        <boolean id="flipVertically">false</boolean>
      </attributes>
    </graphics>
    <motion>
      <attributes>
        <point id="linearVelocity">
          <real id="x">0</real>
          <real id="y">0</real>
        </point>
        <point id="centerOfMass">
          <real id="x">0</real>
          <real id="y">0</real>
        </point>
        <real id="angularVelocity">0</real>
        <real id="maxSpeed">0</real>
        <boolean id="applyMaxSpeed">false</boolean>
        <boolean id="pin">false</boolean>
      </attributes>
    </motion>
    <physics>
      <attributes>
        <real id="density">1</real>
        <real id="friction">3</real>
        <real id="restitution">1</real>
        <boolean id="fixedRotation">false</boolean>
        <boolean id="movable">true</boolean>
        <enumeration id="collisionShape">0</enumeration>
        <real id="drag">0</real>
        <real id="angularDrag">0</real>
        <boolean id="canSleep">true</boolean>
        <boolean id="betterColisions">false</boolean>
      </attributes>
    </physics>
  </aspects>
</actor>