<?xml version="1.0" encoding="utf-8"?>
<actor id="id610722" PGFVersion="0.25" GSCVersion="1.25.6227">
  <attributes>
    <text id="name">DummyEnemyKillPlatform</text>
    <real id="time">0</real>
    <point id="position">
      <real id="x">0</real>
      <real id="y">0</real>
    </point>
    <size id="size">
      <real id="width">40</real>
      <real id="height">15</real>
    </size>
    <angle id="rotation">0</angle>
    <color id="color">
      <real id="red">1</real>
      <real id="green">0</real>
      <real id="blue">0.501960784313725</real>
      <real id="alpha">1</real>
    </color>
    <image id="image" />
    <text id="tags">Enemies</text>
    <boolean id="preloadArt">true</boolean>
  </attributes>
  <behaviors>
    <behavior id="id208677" class="ConstrainAttributeBehavior" enabled="true">
      <attributes>
        <text id="name">Set X</text>
        <text id="bundleName">ConstrainAttribute.behavior</text>
        <text id="targetAttribute">self.attributes.position.x</text>
        <text id="RHS">
          <expression>
            <reference keypath="game.attributes.id299839" />
          </expression>
        </text>
      </attributes>
    </behavior>
    <behavior id="id760421" class="ConstrainAttributeBehavior" enabled="true">
      <attributes>
        <text id="name">Set Y</text>
        <text id="bundleName">ConstrainAttribute.behavior</text>
        <text id="targetAttribute">self.attributes.position.y</text>
        <text id="RHS">
          <expression>
            <reference keypath="game.attributes.id591961" />
            <string xml:space="preserve"> + 5</string>
          </expression>
        </text>
      </attributes>
    </behavior>
    <behavior id="id627643" class="RuleBehavior" enabled="true">
      <attributes>
        <text id="name">Kill Enemy</text>
        <text id="bundleName">Rule.behavior</text>
        <real id="compoundConditionKind">0</real>
      </attributes>
      <conditions>
        <condition id="id233135" eventType="overlaps or collides" pluginPredicateTypeIndex="0" class="Collision">
          <attributes>
            <text id="name">default name</text>
            <index id="conditionType">0</index>
          </attributes>
          <predicate type="collision">
            <attributes>
              <text id="prototypeKey">id784889</text>
              <text id="actorTag" />
              <real id="mode">0</real>
            </attributes>
          </predicate>
        </condition>
      </conditions>
      <behaviors>
        <behavior id="id712043" class="ChangeAttributeAction" enabled="true">
          <attributes>
            <text id="name">Change Attribute</text>
            <text id="bundleName">ChangeAttribute.behavior</text>
            <text id="targetAttribute">game.attributes.id693125</text>
            <text id="RHS">true</text>
          </attributes>
        </behavior>
        <behavior id="id914214" class="LogDebuggingStatementAction" enabled="true">
          <attributes>
            <text id="name">Log Debugging Statement</text>
            <text id="bundleName">LogDebuggingStatement.behavior</text>
            <text id="text">
              <expression>
                <reference keypath="game.attributes.id693125" />
              </expression>
            </text>
          </attributes>
        </behavior>
      </behaviors>
    </behavior>
    <behavior id="id410004" class="ChangeAttributeAction" enabled="true">
      <attributes>
        <text id="name">Change Attribute</text>
        <text id="bundleName">ChangeAttribute.behavior</text>
        <text id="targetAttribute">self.attributes.color.alpha</text>
        <text id="RHS">0</text>
      </attributes>
    </behavior>
    <behavior id="id496554" class="ChangeAttributeAction" enabled="true">
      <attributes>
        <text id="name">Change Attribute</text>
        <text id="bundleName">ChangeAttribute.behavior</text>
        <text id="targetAttribute">game.attributes.id693125</text>
        <text id="RHS">false</text>
      </attributes>
    </behavior>
  </behaviors>
  <aspects>
    <graphics>
      <attributes>
        <boolean id="visible">true</boolean>
        <enumeration id="blendingMode">0</enumeration>
        <enumeration id="horizontalWrap">0</enumeration>
        <enumeration id="verticalWrap">0</enumeration>
        <enumeration id="horizontalAnchor">0</enumeration>
        <enumeration id="verticalAnchor">0</enumeration>
        <boolean id="flipHorizontally">false</boolean>
        <boolean id="flipVertically">false</boolean>
      </attributes>
    </graphics>
    <motion>
      <attributes>
        <point id="linearVelocity">
          <real id="x">0</real>
          <real id="y">0</real>
        </point>
        <point id="centerOfMass">
          <real id="x">0</real>
          <real id="y">0</real>
        </point>
        <real id="angularVelocity">0</real>
        <real id="maxSpeed">0</real>
        <boolean id="applyMaxSpeed">false</boolean>
        <boolean id="pin">false</boolean>
      </attributes>
    </motion>
    <physics>
      <attributes>
        <real id="density">0</real>
        <real id="friction">0</real>
        <real id="restitution">0</real>
        <boolean id="fixedRotation">false</boolean>
        <boolean id="movable">true</boolean>
        <enumeration id="collisionShape">0</enumeration>
        <real id="drag">0</real>
        <real id="angularDrag">0</real>
        <boolean id="canSleep">true</boolean>
        <boolean id="betterColisions">false</boolean>
      </attributes>
    </physics>
  </aspects>
</actor>