<?xml version="1.0" encoding="utf-8"?>
<assets PGFVersion="0.25" GSCVersion="1.25.6227">
  <sounds>
    <music name="Bluemillenium_-_Oreilles_froides(Kalte_Ohren)_remix_Blue">
      <file name="Bluemillenium_-_Oreilles_froides(Kalte_Ohren)_remix_Blue.mp3" size="6940675" />
    </music>
  </sounds>
  <images>
    <image name="acorn">
      <file name="acorn.png" size="39679" />
    </image>
    <image name="Space_Pill_Collectable">
      <file name="Space_Pill_Collectable.png" size="6436" />
    </image>
    <image name="Mr.-Squirrel">
      <file name="Mr.-Squirrel.png" size="47883" />
    </image>
    <image name="Enemy_2.1@3x">
      <file name="Enemy_2.1@3x.png" size="13826" />
    </image>
    <image name="Enemy_2.2@3x">
      <file name="Enemy_2.2@3x.png" size="18420" />
    </image>
    <image name="Enemy_2.3@3x">
      <file name="Enemy_2.3@3x.png" size="20361" />
    </image>
    <image name="Enemy_1.2_small@3x">
      <file name="Enemy_1.2_small@3x.png" size="9856" />
    </image>
    <image name="Enemy_1.1_small">
      <file name="Enemy_1.1_small.png" size="18990" />
    </image>
    <image name="Flat-Platform">
      <file name="Flat-Platform.png" size="18442" />
    </image>
    <image name="Flat-Platform-1">
      <file name="Flat-Platform-1.png" size="21149" />
    </image>
    <image name="Platform1">
      <file name="Platform1.png" size="18619" />
    </image>
    <image name="Platform6">
      <file name="Platform6.png" size="11879" />
    </image>
    <image name="Platform7">
      <file name="Platform7.png" size="4604" />
    </image>
    <image name="Platform8">
      <file name="Platform8.png" size="4088" />
    </image>
    <image name="Platform9">
      <file name="Platform9.png" size="7510" />
    </image>
    <image name="Platform2">
      <file name="Platform2.png" size="6884" />
    </image>
    <image name="Platform3">
      <file name="Platform3.png" size="12235" />
    </image>
    <image name="Platform4">
      <file name="Platform4.png" size="11574" />
    </image>
    <image name="Background">
      <file name="Background.png" size="222127" />
    </image>
    <image name="background">
      <file name="background.png" size="222127" />
    </image>
    <image name="flat-platform2">
      <file name="flat-platform2.png" size="3311" />
    </image>
    <image name="flat-platform">
      <file name="flat-platform.png" size="18442" />
    </image>
    <image name="mountain1">
      <file name="mountain1.png" size="37510" />
    </image>
    <image name="mountain2">
      <file name="mountain2.png" size="6599" />
    </image>
    <image name="mountain3">
      <file name="mountain3.png" size="7842" />
    </image>
    <image name="14">
      <file name="14.png" size="10031" />
    </image>
    <image name="1">
      <file name="1.png" size="10268" />
    </image>
    <image name="2">
      <file name="2.png" size="10292" />
    </image>
    <image name="3">
      <file name="3.png" size="10076" />
    </image>
    <image name="4">
      <file name="4.png" size="10146" />
    </image>
    <image name="5">
      <file name="5.png" size="10311" />
    </image>
    <image name="6">
      <file name="6.png" size="10477" />
    </image>
    <image name="7">
      <file name="7.png" size="10693" />
    </image>
    <image name="8">
      <file name="8.png" size="10674" />
    </image>
    <image name="9">
      <file name="9.png" size="10534" />
    </image>
    <image name="10">
      <file name="10.png" size="10384" />
    </image>
    <image name="11">
      <file name="11.png" size="10258" />
    </image>
    <image name="12">
      <file name="12.png" size="10203" />
    </image>
    <image name="13">
      <file name="13.png" size="10094" />
    </image>
    <image name="Space_Age_-_replay">
      <file name="Space_Age_-_replay.png" size="14855" />
    </image>
    <image name="Space_Age_-_exit">
      <file name="Space_Age_-_exit.png" size="12273" />
    </image>
    <image name="obstacle_-_rock@3x_copy">
      <file name="obstacle_-_rock@3x_copy.png" size="176266" />
    </image>
    <image name="58">
      <file name="58.png" size="10311" />
    </image>
    <image name="67">
      <file name="67.png" size="10477" />
    </image>
    <image name="77">
      <file name="77.png" size="10693" />
    </image>
    <image name="86">
      <file name="86.png" size="10674" />
    </image>
    <image name="95">
      <file name="95.png" size="10534" />
    </image>
    <image name="104">
      <file name="104.png" size="10384" />
    </image>
    <image name="113">
      <file name="113.png" size="10258" />
    </image>
    <image name="122">
      <file name="122.png" size="10203" />
    </image>
    <image name="310">
      <file name="310.png" size="10076" />
    </image>
    <image name="49">
      <file name="49.png" size="10146" />
    </image>
    <image name="Space_Age_game_over_screen">
      <file name="Space_Age_game_over_screen.png" size="202636" />
    </image>
    <image name="Space_Age_game">
      <file name="Space_Age_game.png" size="202636" />
    </image>
    <image name="Spaceship">
      <file name="Spaceship.png" size="12111" />
    </image>
    <image name="Space_Age_-_play">
      <file name="Space_Age_-_play.png" size="11489" />
    </image>
    <image name="Space_Age_start_screen">
      <file name="Space_Age_start_screen.png" size="208984" />
    </image>
  </images>
  <fonts />
  <behaviors />
</assets>