<?xml version="1.0" encoding="utf-8"?>
<assets PGFVersion="0.25" GSCVersion="1.25.6227">
  <sounds>
    <music name="Bluemillenium_-_Oreilles_froides(Kalte_Ohren)_remix_Blue">
      <file name="Bluemillenium_-_Oreilles_froides(Kalte_Ohren)_remix_Blue.mp3" size="6940675" />
    </music>
  </sounds>
  <images>
    <image name="acorn">
      <file name="acorn.png" size="39679" />
    </image>
    <image name="Space_Pill_Collectable">
      <file name="Space_Pill_Collectable.png" size="6436" />
    </image>
    <image name="Mr.-Squirrel">
      <file name="Mr.-Squirrel.png" size="47883" />
    </image>
    <image name="Flat-Platform">
      <file name="Flat-Platform.png" size="18442" />
    </image>
    <image name="Platform1">
      <file name="Platform1.png" size="18619" />
    </image>
    <image name="Platform6">
      <file name="Platform6.png" size="11879" />
    </image>
    <image name="Platform7">
      <file name="Platform7.png" size="4604" />
    </image>
    <image name="Platform8">
      <file name="Platform8.png" size="4088" />
    </image>
    <image name="Platform9">
      <file name="Platform9.png" size="7510" />
    </image>
    <image name="Platform2">
      <file name="Platform2.png" size="6884" />
    </image>
    <image name="Platform3">
      <file name="Platform3.png" size="12235" />
    </image>
    <image name="Platform4">
      <file name="Platform4.png" size="11574" />
    </image>
    <image name="Background">
      <file name="Background.png" size="222127" />
    </image>
    <image name="background">
      <file name="background.png" size="222127" />
    </image>
    <image name="flat-platform2">
      <file name="flat-platform2.png" size="3311" />
    </image>
    <image name="flat-platform">
      <file name="flat-platform.png" size="18442" />
    </image>
    <image name="mountain1">
      <file name="mountain1.png" size="37510" />
    </image>
    <image name="mountain2">
      <file name="mountain2.png" size="6599" />
    </image>
    <image name="mountain3">
      <file name="mountain3.png" size="7842" />
    </image>
    <image name="1">
      <file name="1.png" size="10268" />
    </image>
    <image name="obstacle_-_rock@3x_copy">
      <file name="obstacle_-_rock@3x_copy.png" size="176266" />
    </image>
    <image name="Space_Age_game_over_screen">
      <file name="Space_Age_game_over_screen.png" size="202636" />
    </image>
    <image name="Space_Age_game">
      <file name="Space_Age_game.png" size="202636" />
    </image>
    <image name="Space_Age_start_screen">
      <file name="Space_Age_start_screen.png" size="208984" />
    </image>
    <image name="01">
      <file name="01.png" size="16913" />
    </image>
    <image name="02">
      <file name="02.png" size="33424" />
    </image>
    <image name="03">
      <file name="03.png" size="50187" />
    </image>
    <image name="04">
      <file name="04.png" size="18688" />
    </image>
    <image name="05">
      <file name="05.png" size="36354" />
    </image>
    <image name="06">
      <file name="06.png" size="53584" />
    </image>
    <image name="Level_2_Platform_5">
      <file name="Level_2_Platform_5.png" size="10767" />
    </image>
    <image name="Level_2_Platform_6">
      <file name="Level_2_Platform_6.png" size="15053" />
    </image>
    <image name="Spaceship">
      <file name="Spaceship.png" size="12111" />
    </image>
    <image name="NEW_ENEMY_CURVED_3@2x">
      <file name="NEW_ENEMY_CURVED_3@2x.png" size="11468" />
    </image>
    <image name="NEW_ENEMY-2.0@2x">
      <file name="NEW_ENEMY-2.0@2x.png" size="12993" />
    </image>
    <image name="ENEMY_2.0_4@2x">
      <file name="ENEMY_2.0_4@2x.png" size="23758" />
    </image>
    <image name="Enemy_1_animation_1_NEW">
      <file name="Enemy_1_animation_1_NEW.png" size="19832" />
    </image>
    <image name="Enemy_1_animation_2_NEW">
      <file name="Enemy_1_animation_2_NEW.png" size="18793" />
    </image>
    <image name="Enemy_1_animation_3_NEW">
      <file name="Enemy_1_animation_3_NEW.png" size="14295" />
    </image>
    <image name="Enemy_1_animation_4_NEW">
      <file name="Enemy_1_animation_4_NEW.png" size="11372" />
    </image>
    <image name="Enemy_1_animation_5_NEW">
      <file name="Enemy_1_animation_5_NEW.png" size="6183" />
    </image>
    <image name="Enemy_1_animation_6_NEW">
      <file name="Enemy_1_animation_6_NEW.png" size="6148" />
    </image>
    <image name="Level-01-Platform-Comp">
      <file name="Level-01-Platform-Comp.png" size="124735" />
    </image>
    <image name="Flat-Platform-1">
      <file name="Flat-Platform-1.png" size="14227" />
    </image>
    <image name="h02">
      <file name="h02.png" size="14299" />
    </image>
    <image name="h03">
      <file name="h03.png" size="14198" />
    </image>
    <image name="h04">
      <file name="h04.png" size="14610" />
    </image>
    <image name="Jump">
      <file name="Jump.png" size="14681" />
    </image>
    <image name="Start-Screen-01">
      <file name="Start-Screen-01.png" size="151163" />
    </image>
    <image name="Start-Screen-02">
      <file name="Start-Screen-02.png" size="151705" />
    </image>
    <image name="Start-Screen-03">
      <file name="Start-Screen-03.png" size="152287" />
    </image>
    <image name="Start-Screen-04">
      <file name="Start-Screen-04.png" size="152777" />
    </image>
    <image name="Start-Screen-05">
      <file name="Start-Screen-05.png" size="153479" />
    </image>
    <image name="Start-Screen-06">
      <file name="Start-Screen-06.png" size="154114" />
    </image>
    <image name="Start-Screen-07">
      <file name="Start-Screen-07.png" size="154722" />
    </image>
    <image name="Start-Screen-08">
      <file name="Start-Screen-08.png" size="155456" />
    </image>
    <image name="Start-Screen-09">
      <file name="Start-Screen-09.png" size="156046" />
    </image>
    <image name="Start-Screen-10">
      <file name="Start-Screen-10.png" size="156318" />
    </image>
    <image name="Start-Screen-12">
      <file name="Start-Screen-12.png" size="156318" />
    </image>
    <image name="Start-Screen-11">
      <file name="Start-Screen-11.png" size="156046" />
    </image>
    <image name="Score-board">
      <file name="Score-board.png" size="128849" />
    </image>
    <image name="Fall">
      <file name="Fall.png" size="13865" />
    </image>
    <image name="Space_Age_-_exit">
      <file name="Space_Age_-_exit.png" size="12273" />
    </image>
    <image name="Acorn_n">
      <file name="Acorn_n.png" size="1351" />
    </image>
    <image name="mountain2 (1)">
      <file name="mountain2 (1).png" size="42378" />
    </image>
    <image name="background_new">
      <file name="background_new.png" size="14169" />
    </image>
    <image name="Spikes">
      <file name="Spikes.png" size="5338" />
    </image>
    <image name="Level-Change-2">
      <file name="Level-Change-2.png" size="132903" />
    </image>
    <image name="t1">
      <file name="t1.png" size="6145" />
    </image>
    <image name="t2">
      <file name="t2.png" size="8694" />
    </image>
    <image name="t3">
      <file name="t3.png" size="4858" />
    </image>
    <image name="Level-Change-1">
      <file name="Level-Change-1.png" size="133853" />
    </image>
    <image name="Space_Age_-_play">
      <file name="Space_Age_-_play.png" size="11489" />
    </image>
    <image name="Level_2_Background">
      <file name="Level_2_Background.png" size="31433" />
    </image>
    <image name="Level_2_Rock_1">
      <file name="Level_2_Rock_1.png" size="15704" />
    </image>
    <image name="Level_2_Rock_2">
      <file name="Level_2_Rock_2.png" size="17149" />
    </image>
    <image name="C1">
      <file name="C1.png" size="5969" />
    </image>
    <image name="C2">
      <file name="C2.png" size="6784" />
    </image>
    <image name="C3">
      <file name="C3.png" size="5105" />
    </image>
    <image name="C4">
      <file name="C4.png" size="5246" />
    </image>
    <image name="Level_2_enemy_1.1">
      <file name="Level_2_enemy_1.1.png" size="23262" />
    </image>
    <image name="Level_2_enemy_1.2">
      <file name="Level_2_enemy_1.2.png" size="23484" />
    </image>
    <image name="1p">
      <file name="1p.png" size="74099" />
    </image>
    <image name="2">
      <file name="2.png" size="32404" />
    </image>
    <image name="3">
      <file name="3.png" size="73938" />
    </image>
    <image name="8">
      <file name="8.png" size="47836" />
    </image>
    <image name="10">
      <file name="10.png" size="39548" />
    </image>
    <image name="11">
      <file name="11.png" size="142069" />
    </image>
    <image name="9">
      <file name="9.png" size="25488" />
    </image>
    <image name="20">
      <file name="20.png" size="78506" />
    </image>
    <image name="19">
      <file name="19.png" size="61615" />
    </image>
    <image name="18">
      <file name="18.png" size="34598" />
    </image>
    <image name="17">
      <file name="17.png" size="58598" />
    </image>
    <image name="16">
      <file name="16.png" size="37073" />
    </image>
    <image name="21">
      <file name="21.png" size="34418" />
    </image>
    <image name="22">
      <file name="22.png" size="34418" />
    </image>
    <image name="12">
      <file name="12.png" size="15440" />
    </image>
    <image name="12-13">
      <file name="12-13.png" size="51986" />
    </image>
    <image name="24">
      <file name="24.png" size="149439" />
    </image>
    <image name="15">
      <file name="15.png" size="97401" />
    </image>
    <image name="14">
      <file name="14.png" size="34072" />
    </image>
    <image name="Checkpost">
      <file name="Checkpost.png" size="3417" />
    </image>
    <image name="i4">
      <file name="i4.png" size="15549" />
    </image>
    <image name="i2">
      <file name="i2.png" size="14605" />
    </image>
    <image name="i3">
      <file name="i3.png" size="14678" />
    </image>
    <image name="Level_2_enemy_2_animation_3">
      <file name="Level_2_enemy_2_animation_3.png" size="19348" />
    </image>
    <image name="Level_2_enemy_2_animation_4">
      <file name="Level_2_enemy_2_animation_4.png" size="14575" />
    </image>
    <image name="Level_2_enemy_2_animation_5">
      <file name="Level_2_enemy_2_animation_5.png" size="7728" />
    </image>
    <image name="Level_2_enemy_2_animation_1">
      <file name="Level_2_enemy_2_animation_1.png" size="23685" />
    </image>
    <image name="Level_2_enemy_2_animation_2">
      <file name="Level_2_enemy_2_animation_2.png" size="28656" />
    </image>
    <image name="Space_Age_-_replay">
      <file name="Space_Age_-_replay.png" size="14855" />
    </image>
    <image name="i5">
      <file name="i5.png" size="14989" />
    </image>
  </images>
  <fonts />
  <behaviors />
</assets>